:020000040800F2
:1000000000040020B9010008BB010008BB01000882
:10001000BB010008BB010008BB010008BB010008D0
:10002000BB010008BB010008BB01000889DA000819
:10003000BB010008BB010008BB010008E7EE000897
:10004000BB010008BB010008BB010008BB010008A0
:10005000BB010008BB010008D9EB000801EC000857
:1000600029EC000851EC000879EC0008BB010008FD
:10007000BB010008BB01000881F50008BB010008B6
:10008000A1EC0008BB010008BB010008BB0100088F
:10009000BB010008BB010008BB010008BB01000850
:1000A000BB010008BB01000895F10008A9F1000898
:1000B000BB010008BB010008BB010008BB01000830
:1000C00005EF000805ED0008BB010008BB010008B2
:1000D000BB010008BB010008BB010008BB01000810
:1000E00072B6264880F30888254880F30988254899
:1000F00025490860022080F31488BFF36F8F0DF04C
:10010000F7F90CF0AFFD4FF0553020491B4A9142F2
:100110003CBF41F8040BFAE71D49194A91423CBF24
:1001200041F8040BFAE71B491B4A1C4B9A423EBF9D
:1001300051F8040B42F8040BF8E700201849194A5B
:1001400091423CBF41F8040BFAE70DF0D5F90DF0F0
:10015000D0F9154C154DAC4203DA54F8041B88470E
:10016000F9E707F005FD124C124DAC4203DA54F8E2
:10017000041B8847F9E70DF0BDB90000000400201A
:10018000000C00200000000808ED00E00000002046
:1001900000040020580E0108000C0020201500204B
:1001A0002015002008470020E0000008E0000008BB
:1001B000E0000008E000000892E700F000F8FEE729
:1001C0002DE9F04FC1F80CD0C3689D46BDE8F08F13
:1001D000002383F311882846A04700200DF05AFB26
:1001E000FEE70DF0B1FA00DFFEE7000053B94AB9AF
:1001F000002908BF00281CBF4FF0FF314FF0FF302F
:1002000000F00CB8ADF1080C6DE904CE0FF093FCD2
:10021000DDF804E0DDE9022304B07047704700BF59
:10022000062008B500F00EFA01200EF057FB00BFC3
:1002300038B5124B04461D682A6B1AB10023C2E977
:10024000044338BD182000F079FB0246286378B1DA
:1002500000210B2301209381C2E90401084B0949C5
:10026000094DC2E9011300231560C2E9044338BDFA
:100270004621064B064800F03BFB00BF000C002067
:10028000ECDE050034126DE60E33CDAB800D0108B7
:10029000980D010838B5194B1C68226B8AB1136997
:1002A0001749546903FB01F1164800FB0411A3FB35
:1002B0000030013341EB0001C2E9043121F000407C
:1002C00038BD182000F03AFB0246206388B10124B3
:1002D00000250B230A480C49C2E904451160014678
:1002E0000A4D0B4C93810B4BC2E90154C2E9043116
:1002F00038BD5221084B094800F0FAFA000C0020E2
:100300002DF451582D7F954C0E33CDAB34126DE644
:10031000ECDE05002E7F954C800D0108980D01083C
:10032000032A30B415D941EA0004A40784460B46D9
:1003300004D0541E0FE0043A032A08D91946604637
:1003400053F8044B5CF8045BA542F4D0F1E7604637
:100350001946541E7AB1431E0139021901E09A422E
:1003600009D013F8010F11F801CF6045F7D0A0EBC9
:100370000C0030BC7047002030BC704788420ED95A
:100380008B1883420BD900EB020C002A6DD0624619
:1003900013F801CD994202F801CDF9D170470F2A27
:1003A0000FD8034602F1FF3C002A5ED00CF1010C8D
:1003B000013B8C4411F8012B614503F8012FF9D161
:1003C000704740EA01039B0750D1A2F1100370B5BA
:1003D00001F1200C23F00F0501F1100E00F11004C3
:1003E000AC441B095EF8105C0EF1100E44F8105C72
:1003F0005EF81C5C103444F81C5C5EF8185C44F831
:10040000185C5EF8145CE64544F8145CEAD10133EC
:1004100012F00C0F01EB031102F00F0400EB0313B9
:1004200028D08E46043C24F003064FEA940C1E4468
:100430001C1F5EF8045B44F8045FB442F9D10CF170
:10044000010402F0030203EB840301EB840102F1D7
:10045000FF3C4AB10CF1010C013B8C4411F8012B1B
:10046000614503F8012FF9D170BD7047034602F1D1
:10047000FF3C9BE72246EAE770B5860747D0541E4B
:10048000002A3ED00346CAB201E0013C39D303F84A
:10049000012B9D07F9D1032C2CD9CDB205EB0525F5
:1004A0000F2C1A4605EB054534D9A4F1100C2CF09D
:1004B0000F0603F1100EB6444FEA1C1CC2E90055AA
:1004C000C2E9025510327245F8D10CF1010214F064
:1004D0000C0F03EB021204F00F0C13D0ACF1040369
:1004E00023F003030433134442F8045B9342FBD12B
:1004F0000CF003042CB1C9B21C4403F8011BA34245
:10050000FBD170BD64461346002CF4D1F9E70346D5
:100510001446C0E7A446E1E738B5C46B0CB100202F
:1005200038BD8021054600F03FFA0246E86330B14D
:10053000031F7C3243F8044F9342FBD1EFE74FF0A7
:10054000FF3038BD30B51F29054683B008D8C36BCE
:100550000C4653B153F8240043F8242003B030BDB7
:10056000162303604FF0FF30F8E78021019200F07E
:100570001BFA019A0346E8630028F3D0011F00F13B
:100580007C05002041F8040FA942FBD1E2E700BF3F
:100590001F2938B505461ED8C26B0C466AB152F801
:1005A000213053B1012B06D0591C10D00021204618
:1005B00042F824109847002038BD284600F0F2F891
:1005C000224601462846BDE8384000F0D7B8162339
:1005D00001202B6038BD16234FF0FF302B6038BD53
:1005E0001F292BD838B5C36B0C460546A3B153F869
:1005F000242003EB84034AB1511C0BD0012A07D0FD
:10060000002520461D609047284638BD012038BD92
:10061000032038BD022038BD802100F0C5F9034613
:10062000E86340B100201A1F03F17C0142F8040F77
:100630008A42FBD1DBE74FF0FF3038BD4FF0FF308F
:10064000704700BF38B5134B1F281D681DD8EA6BD3
:10065000044662B152F820304BB1012B05D0591C31
:100660000FD0002142F820109847002038BD2846BE
:1006700000F098F8224601462846BDE8384000F0D0
:100680007DB8162301202B6038BD16234FF0FF30B4
:100690002B6038BD000C0020114B1F2870B51E6860
:1006A00008D8F36B04460D464BB153F8240043F8C9
:1006B000245070BD162333604FF0FF3070BD802191
:1006C000304600F071F90346F0630028F4D00021B1
:1006D000021F7C3042F8041F8242FBD1E5E700BFD5
:1006E000000C002038B50B4B1D68EC6B0CB10020E2
:1006F00038BD8021284600F057F9E86338B1031F60
:1007000000F17C0243F8044F9342FBD1EFE74FF036
:10071000FF3038BD000C002038B5174B1F281D686E
:1007200026D80446E86BA0B150F8242000EB8403DF
:100730004AB1511C0BD0012A07D0002520461D606C
:100740009047284638BD012038BD032038BD02201F
:1007500038BD8021284600F027F9E86340B1002128
:10076000031F00F17C0243F8041F9342FBD1DBE737
:100770004FF0FF3038BD00BF000C002070B50026E0
:10078000074D0446084611462E600EF0AFF8431C94
:1007900000D070BD2B68002BFBD0236070BD00BF64
:1007A000281500200EF0AAB8844641EA000313F091
:1007B000030349D1403A23D30B6803604B6843607D
:1007C0008B688360CB68C3600B6903614B694361CD
:1007D0008B698361CB69C3610B6A03624B6A4362B5
:1007E0008B6A8362CB6AC3620B6B03634B6B43639D
:1007F0008B6B8363CB6BC36340304031403ADBD2B9
:1008000030320BD30B6803604B6843608B688360A6
:10081000CB68C36010301031103AF3D20C3205D3DC
:1008200051F8043B40F8043B043AF9D2043208D0B2
:10083000D2071CBF11F8013B00F8013B01D30B8824
:1008400003806046704700BF082A13D38B07B1D0DE
:1008500010F00303AED0C3F10403D21ADB071CBFB0
:1008600011F8013B00F8013BA4D331F8023B20F81A
:10087000023B9FE7043AD9D3013A11F8013B00F853
:10088000013BF9D20B7803704B7843708B788370FF
:100890006046704720F0030110F00300C0F1000033
:1008A00051F8043B00F1040C4FEACC0C6FF000024D
:1008B0001CBF22FA0CF213434FF0010C4CEA0C2C33
:1008C0004CEA0C4CA3EB0C0222EA030212EACC1213
:1008D00004BF51F8043B0430F4D0C2F1000102EA35
:1008E0000102B2FA82F2C2F11F0200EBD20070479D
:1008F000144600B51A460A4B0D461B6885B0DE68E3
:1009000003464CB1074901913046074902940095CE
:1009100000F0E4F8FFF784FC04490C46F3E700BF5D
:10092000000C0020D40D0108E40D0108E00D0108C1
:1009300008B513460022FFF7DBFF00BF024B01465C
:10094000186800F031B800BF000C0020024B0146CF
:10095000186800F0EBB800BF000C002070B5114E15
:10096000054633680C46BBB1214628460DF09AFF78
:10097000431C01460CD0C41C24F00304A04205D043
:100980002846611A0DF08EFF013001D0204670BD5F
:100990004FF0FF34204670BD19460DF083FF3060E4
:1009A000E2E700BF201500202DE9F843CD1C25F01B
:1009B000030508350C2D38BF0C25002D064618DB25
:1009C000A94216D8DFF8DC8000F06EF8D8F80420D1
:1009D000A2B1144603E0636822467BB11C4623683B
:1009E0005B1BF8D40B2B1FD89442636854D0536020
:1009F0000CE00C2333600020BDE8F8832946304624
:100A0000FFF7ACFF431C044619D00560304600F0E8
:100A100051F804F10B00231D20F00700C21A1CBF7F
:100A20001B1AA350BDE8F88361199442256014BFD6
:100A30005160C8F80410635163684B60E6E7D8F86A
:100A400004701FB33C467F68002FFBD123683946F2
:100A5000304604EB03090DF025FF814516D12368CC
:100A60003046ED1A2946FFF779FF01300ED0236892
:100A7000D8F804202B442360536883B1A34203D0E9
:100A80001A465B689C42FBD10023B0E70C2330463A
:100A9000336000F00FF8AEE7C8F80430B6E7C8F8E6
:100AA0000470B3E720150020014800F035B800BFFE
:100AB0003C150020014800F037B800BF3C1500206D
:100AC0000CB400B583B004AB53F8042B019300F0D1
:100AD000C7F803B05DF804EB02B070470EB400B580
:100AE000074A82B003AB0146106853F8042B019308
:100AF00000F0B6F802B05DF804EB03B0704700BF39
:100B0000000C0020704700BF704700BF704700BF57
:100B1000704700BF704700BF704700BF012070479B
:100B200001207047704700BF704700BF002950D0B8
:100B300038B551F8043C0C1F002BB8BFE41805462B
:100B4000FFF7B2FF274A13682BB1A3420CD92168E3
:100B5000601883422CD0284663601460BDE838409A
:100B6000FFF7A8BFA3420FD81A465B68002BF9D144
:100B700011685018844217D02CD363605460284603
:100B8000BDE83840FFF796BF11685018A04214D056
:100B900020D8216860188342EFD118685B68084448
:100BA000C4E900035460EAE723680B441360E6E7F6
:100BB00018685B6808442060CDE72068014450183D
:100BC00083421160DBD1D3E900040144C2E900147F
:100BD000D5E770470C2328462B60BDE83840FFF767
:100BE00069BF00BF241500209368013B002B936070
:100BF00005DAD2F818C0634507DB0A2905D0136867
:100C0000581C106008461970704700F0B5BE00BF50
:100C10009BB1F8B5134406460F46541E5D1E01E015
:100C2000AC4208D03A46304614F8011FFFF7DCFF0B
:100C3000431CF5D1F8BD0020F8BD0020704700BF6F
:100C4000936810B514461BB918460023636010BDA5
:100C500000F0B0FC0023A3600023636010BD00BF60
:100C60002DE9F04FA1B08B4691461C46049018B177
:100C7000036A002B00F04181DBF86420BBF90C30E3
:100C8000D20702D49F0540F131811E0740F19A80BE
:100C9000DBF81030002B00F09580002343F2200297
:100CA0000D9399F800300127954E0794ADF839203F
:100CB000002B77D04D4604E015F8013F002B00F0E3
:100CC0009780252BF8D1B5EB090A40F094802B785A
:100CD000002B67D000234FF0FF320135CDE9092307
:100CE00008930B938DF863301E9306E02546089B0E
:100CF000801B07FA00F0034308932C46052214F8E2
:100D0000011B304600F0E8FEA1460028EED1089B0A
:100D1000D80644BF20228DF86320190748BF2B2234
:100D2000297848BF8DF863202A297AD1079A11685B
:100D3000043200290792C0F2AD800B9169782E2908
:100D400000F086806F4C0322204600F0C5FE38B1CB
:100D50004022089B001B8240134309F101090893BC
:100D600019F8011B062268488DF8381000F0B4FE0F
:100D7000002800F09580654B002B7ED007A90091DC
:100D80005A460498624B08A9AFF300800390039B76
:100D9000013307D00D9B039A13440D9399F800304B
:100DA000002B87D1DBF8643013F0010FBBF80C3057
:100DB00002D19A0540F193805B0616D40D9821B0BC
:100DC000BDE8F08F5946049800F024FE00283FF457
:100DD00064AFDBF86430DD0707D4BBF80C309C054A
:100DE00003D4DBF85800FFF79FFE4FF0FF30E6E733
:100DF000B5EB090AD6D009F1FF3805954546DDF86F
:100E0000108001E0A2453FD92C465A46404615F8CD
:100E1000011FFFF7E9FE02340130A4EB0904F1D110
:100E2000C0E7A1F13002092A88BFA94687D80B9BE9
:100E300000E00134217803EB830302EB4303A1F1CB
:100E40003002092AF5D92E29A1460B937FF47AAFF7
:100E500099F801102A292DD1079B09F102001A687F
:100E60000433002A0793B8BF4FF0FF3399F80210FC
:100E700009928146B8BF099364E7079B073323F0C3
:100E800007030833079385E70D99059D51442B7897
:100E90000D911DE7494243F002030B9108934DE782
:100EA00007A900915A460498194B08A900F0D2F8F6
:100EB00003906CE70023A1F13002092A09F101092E
:100EC00009933FF63FAF19F8011F03EB830302EBD1
:100ED0004303A1F13002092AF5D9099332E7DBF87F
:100EE0005800FFF721FEBBF80C3065E7DBF858002F
:100EF000FFF712FEBBF90C30C7E600F00BFBBBE6B8
:100F0000140E01081C0E0108200E0108000000004C
:100F1000110C00088C4600B586461346034A7146FC
:100F200010685DF804EB6246FFF79ABE000C0020E3
:100F30002DE9F84F92461F460A698B680C469A4283
:100F4000B8BF1A46CAF8002091F843300646DDF8CB
:100F5000289013B10132CAF80020226891065FD5AB
:100F6000DAF800300233CAF80030226812F0060FB7
:100F700011461DD1E1689942D8BF114618DD4FF0E6
:100F8000000804F1190B05E0E568DAF80030ED1A05
:100F900045450CDD01235A4639463046C8470130E5
:100FA00008F10108F0D14FF0FF30BDE8F88F21685B
:100FB00094F84330003B18BF01238A060AD530213C
:100FC000E21882F8431094F845105A1C2244023368
:100FD00082F843103946304604F14302C8470130D5
:100FE000E1D0D4E902202368DAF8005003F00603C8
:100FF000042B21691BD08A4220DD4FF00008521AD1
:10100000904400251A3401E0454517DA01232246B1
:1010100039463046C847013005F10105F4D1C2E731
:1010200012F0060F0DD0003B18BF0123D2E7401B82
:101030008A4220EAE078E2DC0028E2DC0020BDE819
:10104000F88FE168DAF800309942D8BF114696DC93
:10105000AEE700BF2DE9F04717460A7E84B00C4684
:10106000064698460C9D01F1430C002A35D0A2F1AA
:101070005803D9B2202969D8202B67D8DFE813F0AC
:10108000E6006600660066006600660066006600B0
:10109000660066006600AC007000660066006600D0
:1010A000660070006600660066006600210083002E
:1010B000C60066006600B600660083006600660033
:1010C000EC002B682268181D6169286010061B68F7
:1010D00002D4520600F1E08019600023E14623614A
:1010E0003B4621463046CDF8008003AAFFF720FF9B
:1010F000013020D04A46394630462369C047013086
:1011000019D02368E0689B07DDF80C9018D5484596
:1011100016DD002504F1190A04E0E068A0EB0903DC
:10112000AB420DDD0123524639463046C0470130FF
:1011300005F10105F1D14FF0FF3004B0BDE8F087B3
:101140004845B8BF484604B0BDE8F087012084F8A0
:10115000422004F142090023206184F84330BFE7B4
:101160002A682368111D1806296002D4590600F167
:1011700095801068014600286268C0F293804FF0A5
:101180000A0E534815E020682B6810F0800F53F8C2
:10119000041B02D1400648BF89B26F2A14BF4FF02A
:1011A0000A0E4FF0080E4A482B600023626884F84C
:1011B0004330002AA26051DB236823F0040323603C
:1011C00000294BD1002A7BD1E146BEF1080F56D051
:1011D000ACEB0903236183E72A680120116804321C
:1011E0002A6004F1420984F84210B4E72B68002118
:1011F0001A1D2A60D3F800906268484600F06CFC23
:10120000002863D0A0EB09006060A4E7236843F0E6
:101210002003236078222F4884F845202A6813F0A1
:10122000800F52F8041B03D113F0400F18BF89B28E
:101230002A60DA0744BF43F02003236019B923680A
:1012400023F0200323604FF0100EAEE75823204810
:1012500084F845302368E1E72368DBE77546E1461B
:10126000B1FBF5F30A4605FB131A194610F80A30CC
:10127000AA4209F8013DF3D2BEF1080FA8D12368B4
:10128000DD07A5D5626823699A42A1DC302309F104
:10129000FF3989F800309BE719801EE7B2F900108A
:1012A000084668E72D20002AA26084F8430002DB8C
:1012B00023F0040323600A250548AE464942CEE7E1
:1012C000037804F1420984F842307EE7606842E71F
:1012D000280E01083C0E0108024A0349034800F0A9
:1012E000DFBA00BF500C0020E91C0008040C0020ED
:1012F0000C4B416810B59942044601D000F0F4FC53
:10130000A168094B994202D0204600F0EDFCE1684B
:10131000064B994204D02046BDE8104000F0E4BCE2
:1013200010BD00BF4C150020B41500201C16002075
:1013300008B54B6EDA0702D48B899B0501D50020D6
:1013400008BD886DFFF7E8FB002008BD08B54B6EAF
:10135000DA0702D48B899B0501D5002008BD886D72
:10136000FFF7E2FB002008BD2DE9F8430025042328
:10137000304C3149DFF8C490DFF8C480314F324E31
:101380000822C4F8381104F15C002946C4E9033589
:10139000C4E90055C4E90555A5606566FFF76CF81A
:1013A00004F15800C4E90849C4E90A872663FFF735
:1013B000ABFB264B2946082204F1C4006367C4E94D
:1013C0001A55C4E91E552567C4F8CC50C4F880509E
:1013D000FFF752F804F1680304F1C000C4F8883044
:1013E000C4E92398C4E92576FFF78EFB184B2946FC
:1013F00004F596700822C4F8DC30C4E93455C4E919
:101400003855C4F8D850C4F83451C4F8E850FFF740
:1014100033F804F1D003C4E93E87C4F8F49004F52E
:101420009470C4F80061C4F8F030BDE8F843FFF7E9
:101430006BBB00BF4C150020D9120008E51800084E
:101440000D1900084D190008711900080900010064
:1014500012000200F8B506462A48FFF75DFB2A4B4A
:10146000D3F83831002B43D0284FD7E90134013B62
:1014700004D524E05A1C04F1680420D0B4F90C50BF
:10148000013B002DF6D1224B04F15800E360656664
:10149000FFF73AFB1B48FFF747FB08222946C4E940
:1014A0000155C4E904552560A56104F15C00FEF70F
:1014B000E3FFC4E90D55C4E912552046F8BD3D6867
:1014C0000DB12F46D1E74FF4D6713046FFF76CFAD5
:1014D000044680B104230560294625460C304FF4AC
:1014E000D072A0606360FEF7C7FF3C602F46BCE788
:1014F000FFF73AFFB8E703483C60FFF715FB0C2302
:101500003360DAE7481500204C150020500C00200D
:101510000100FFFF10B504460B48FFF7FDFA236AF0
:101520002BB90A4B0A4AD3F83831226223B1BDE8FD
:1015300010400548FFF7F8BAFFF716FFBDE8104066
:101540000148FFF7F1BA00BF481500204C150020F4
:10155000F11200080148FFF7DFBA00BF481500206C
:101560000148FFF7E1BA00BF4815002008B505485B
:10157000FFF7D2FABDE808400020034A034900F013
:101580008FB900BF48150020500C0020311300080F
:1015900008B50020044A054900F082F9BDE808407A
:1015A0000348FFF7C1BA00BF500C00204D130008DC
:1015B000481500209368002B00F0F0802DE9F04FD3
:1015C000B1F90CC090461CF0080F81460C4683B060
:1015D0002BD00B694BB31CF00207D8F8006032D057
:1015E0004FF0000A5546D4F828B0216AAB4FC5B178
:1015F000BD422B46524628BF3B464846D8470028A6
:1016000040F3C280D8F8083082441B1A2D1AC8F85B
:101610000830002B00F0AE80D4F828B0216A002DED
:10162000E6D1D6E900A50836E1E72146484600F0B4
:10163000F1F9002840F0AD80B4F90CC0D8F8006092
:101640001CF00207CCD11CF0010A63D15746236875
:10165000A16818468B46002F58D01CF4007F00F07C
:10166000B180B9420A4600F2DD801CF4906F2FD0A1
:10167000216962695D1A02EB420202EBD2726B1CB5
:1016800052103B44934292BF93469B461A461CF429
:10169000806F00F0E68011464846FFF785F9002884
:1016A00000F0F5802A4621690190FFF77DF8A289B4
:1016B000019B22F4906242F08002A2815819C4F882
:1016C00014B0ABEB05053A46BB462361A56020602C
:1016D0003D46002751460192FEF750FEA16823685F
:1016E000019AA1EB0B011A44A1602260D8F80830DE
:1016F000AA445B1BC8F80830002B3BD02368A168C4
:1017000018468B46B4F90CC0002FA6D1D6E900A725
:1017100008369EE73846BB463D46002D40D000289F
:1017200045D03A46D4E904C32068AA4228BF2A46D5
:101730006045A16804D901EB030A524500F3828099
:10174000934272DC5A464846216AD4F828C0E047E2
:10175000B0F1000A18DDB7EB0A070FD00120D8F866
:101760000830D344A3EB0A03A5EB0A05C8F80830F8
:10177000002BD2D1002003B0BDE8F08F21464846AF
:1017800000F0B2FA0028EAD0B4F90C3043F040037C
:10179000A3814FF0FF3003B0BDE8F08F0020704709
:1017A000756833460836002DFAD0D3F800B02A46C3
:1017B0000A21584600F090F9002865D00130A0EBCE
:1017C0000B07AEE722699A4214D36569BD4211D86E
:1017D0006FF00043BB4228BF3B4693FBF5F35246F4
:1017E00005FB03F34846A56A216AA847051ECBDD21
:1017F0007F1B7BE7B94228BF39460D461846514644
:101800002A46FEF7BBFDA1682368491B2B44A16053
:1018100023600029ECD12146484600F065FA0028F3
:10182000E6D0B1E7BB463A4652E759460192FEF789
:10183000A5FD019AA36892469B1AA36023681344EE
:10184000236088E759465246FEF798FD23682146F3
:1018500053444846236000F047FA00283FF47BAF2A
:1018600092E7484600F084F9034600287FF426AF4B
:1018700048462169FFF75AF90C22B4F90C30C9F82F
:10188000002023F0800381E76A1C17464AE70C22F8
:10189000B4F90C30C9F8002078E700BF00FCFF7FE6
:1018A0002DE9F8434FF0000980460F461646D6E969
:1018B0000154013D10D4A389012B08D9B4F90E308D
:1018C000013304D021464046B84749EA0009013DAA
:1018D0006B1C04F16804EED13668002EE7D148464F
:1018E000BDE8F88310B50C46B1F90E100CF0CFFF2F
:1018F000002803DB636D0344636510BDA38923F4F3
:101900008053A38110BD00BF002070472DE9F04136
:101910000C46B1F90C101F46CB05054616460BD4F4
:1019200021F48051A1813B4632462846B4F90E107D
:10193000BDE8F0410CF0B2BFB4F90E100223002252
:101940000CF0AAFFB4F90C10EAE700BF10B50C4682
:10195000B1F90E100CF0A0FFB4F90C30421C0EBF10
:1019600023F4805343F480536065A38110BD00BF0E
:10197000B1F90E100CF094BFF8B506460D461446AA
:1019800010B1036A002B37D0A269A389A2601A079D
:1019900019D52369BBB122686169D31AEDB29942A6
:1019A0002F4620DD0133A1680139A160511C21605F
:1019B000157062699A420DD0A389DB0701D50A2D03
:1019C00008D03846F8BD2146304600F023F838B933
:1019D0002369E0E72146304600F086F90028F0D080
:1019E0004FF0FF37EDE72146304600F07DF9002843
:1019F000F6D101232268D6E7FFF78CFDC4E700BFCC
:101A000003460A46024908681946FFF7B5BF00BFFA
:101A1000000C002038B52F4B05461B680C4613B14F
:101A20001A6A002A4BD0B4F90C3018071CD5226969
:101A300022B313F0010107D000206169A060494280
:101A4000A1613AB1002038BD980758BF6169A16013
:101A5000002AF7D1190658BF1046F4D543F04003C9
:101A6000A3814FF0FF3038BDD9062CD55A0712D4C8
:101A7000226943F00803A381002ADAD103F420711C
:101A8000B1F5007FD5D02146284600F06DF9B4F9B4
:101A90000C302269CDE7616B51B104F144029142EF
:101AA00004D02846FFF742F8B4F90C3000226263F4
:101AB0000021226923F02403C4E90021D9E7184654
:101AC000FFF728FDAFE7092243F040032A60A38116
:101AD000C7E700BF000C00205FFA81FC810744D0FB
:101AE0000346511E22B909E09A0709D0013905D3EE
:101AF0001846027801336245F6D1704700207047DE
:101B0000184603290CD80029F8D00346014401E007
:101B10008B42F3D0184613F8012B6245F8D1704779
:101B200010B50CEB0C24024604EB044402E004392B
:101B3000032915D9104652F8043B6340A3F1013E36
:101B40002EEA030313F0803FF1D00346014401E085
:101B50008B4208D0184613F8012B6245F8D110BD0E
:101B600010460029F1D1002010BD1146C9E700BF81
:101B70002DE9F041144641B30AB306460D4600F084
:101B80007BF98442074602D8B4EB500F13D82146A4
:101B90003046FEF709FF804650B1BC422246294636
:101BA00028BF3A46FEF700FE29463046FEF7BEFF44
:101BB0004046BDE8F081A8464046BDE8F081A04619
:101BC000FEF7B4FF4046BDE8F0811146BDE8F041A4
:101BD000FEF7EABEF8B5B1F90C300C461E07074611
:101BE00039D44A68002A53DDE56A002D31D000223D
:101BF0003E683A6013F48052216A55D10123384679
:101C0000A847451C024663D0B4F90C30E56A216A46
:101C1000580705D56368D21A636B0BB1236CD21ACF
:101C200000233846A847421C40D000222369626046
:101C30002360A389DB0400D56065616B3E6041B120
:101C400004F14403994202D03846FEF76FFF0023A7
:101C500063630020F8BD0E69002EFAD09B0718BF01
:101C600000230D6808BF4B690E60AD1B8B600CE054
:101C70002B463246D4F828C03846216AE047B0F1F6
:101C8000000CA5EB0C05664406DD002DF0DCE0E75A
:101C90000A6C002AA8DCDCE7B4F90C3043F04003FE
:101CA0004FF0FF30A381F8BD626DB1E73968B4F938
:101CB0000C301D29F2D80B4ACA40D507EED50022B8
:101CC000626022692260DA04B7D50029B4D0B4E793
:101CD0003B68002B98D01D2B01D0162BDCD13E6029
:101CE000B7E700BF0100402038B50B69CBB10C4607
:101CF000054608B1036ABBB1B4F90C308BB1626E12
:101D0000D00701D4990512D528462146FFF762FF76
:101D1000636E0546DA0702D4A3899B050BD52846D6
:101D200038BD0025284638BDFFF7F4FBE4E7A06D79
:101D3000FEF7F2FEE8E7A06DFEF7F6FEEFE700BF64
:101D4000014618B1044B1868FFF7CEBF034A044997
:101D50000448FFF7A5BD00BF000C0020500C002078
:101D6000E91C0008040C002070B5B1F90C300C46D9
:101D7000990796B007D5012204F14703C4E904325C
:101D8000236016B070BDB4F90E100546002929DB9A
:101D90006A460CF094FD002822DB4FF4806128464F
:101DA000019EFEF701FE88B3A38906F4704643F056
:101DB0008003A3814FF48063B6F5005FC4E9040398
:101DC0002060DED12846B4F90E100CF084FD002806
:101DD000D7D0A38923F0030343F00103A381D0E705
:101DE000B4F90C3013F0800F14BF40264FF4806616
:101DF00028463146FEF7D8FD40B1A389C4E9040660
:101E000043F080032060A38116B070BDB4F90C309C
:101E10009A05B6D4012123F0030304F1470243F0ED
:101E20000203C4E90421A3812260AAE770B50C462D
:101E3000B1F90E10154600291E4696B00FDB6A4612
:101E40000CF03DFD00280ADB019B4FF4806203F497
:101E50007043A3F50053B3FA83F35B0907E0A2894B
:101E6000002312F0800F14BF40224FF48062002044
:101E700033602A6016B070BD51F8043C181F002B67
:101E8000BCBF0B58C0187047054B10B51F22044645
:101E900000211846FEF7F0FA00F8014C10BD00BF13
:101EA000891600202021014801F014BB881600206B
:101EB000014B1878704700BFA81600201F29F8B5FD
:101EC00067D90378213B072B63D8DFE803F0040CC4
:101ED0001A1C454F565C2120FFF7D6FF00222E4BDF
:101EE0005A709A7008E02220FFF7CEFF01222A4B99
:101EF0005A7000229A700622DA70FFF7D3FF012091
:101F0000F8BD2320E8E786784578092E06D92420F5
:101F1000FFF7BAFFFE22204B5A70EEE7AB19522BA7
:101F200014DC00271D4BC41C1D44FBB29E4204F16F
:101F30000304E4D914F8013C14F8022C14F8031C2F
:101F400015F8010B06F012FF0137EEE72420FFF72A
:101F50009BFFFD22104BDFE70122114B2D201A7051
:101F600008F036FB2520FFF78FFFC6E700220C4B59
:101F70001A7008F031FB2620F5E72720FFF784FFD1
:101F80005222054BC8E72820FFF77EFF0222024BB2
:101F9000C2E70020B4E700BF8816002069FF0008F0
:101FA000A8160020032806D8B422504300F12401CB
:101FB000014805F045BE7047A9160020032838B532
:101FC0000FD80A4C2378012B4FF0000309D1657814
:101FD000A84208D1237009B9012038BDFFF7E2FFFC
:101FE000FAE70020F9E71846F7E700BF5C0C00208D
:101FF000F7B504460D4608F06FFB2B4E2B4F708053
:10200000E0B285424ED90021294A0FE01CF801EBCD
:10201000BEF1FF0F01D0864518D00133DBB20F2B84
:10202000F4D10131062902F10F0239D09446002380
:10203000ECE7012906D1012B04D100227388ADF809
:10204000002015E07388ADF8000011E03A683AB35B
:102050001E2000FB012232F8131032F81300090A87
:1020600012F8133040BAE4D1002BEBD1ADF80030B8
:102070008DF80230009806F075F9C0F307238DF84B
:102080000400C0F307408DF805308DF806009DF878
:10209000063020469DF804209DF8051006F066FEE7
:1020A0000134ADE703B0F0BD5C0C002060170020E8
:1020B000EE0D00202DE9F04105460E46174600249E
:1020C00000F12408B44201D1BDE8F0812B19B3F529
:1020D000347F06D208EB040005F064FD3855013466
:1020E000F0E70020FAE72DE9F04105460E461746D5
:1020F000002400F12408B44201D1BDE8F0812B197D
:10210000B3F5347F04D2395D08EB040005F0B2FD6D
:102110000134F0E741EA020370B40D4650EA0301CE
:1021200004D170BCB4220A48FEF7A6B900241E26CA
:102130000F2306FB04F10648013B13F0FF03057073
:1021400042700844F8D10134062CF1D170BC7047BC
:10215000A9160020032806D8B422504300F1240118
:10216000014805F0B5BD7047A9160020074B084A85
:1021700010B51A600023074C2370607008F0ACFAA9
:1021800060806078BDE81040FFF7E4BF6017002072
:10219000A91600205C0C0020032808B50CD8074ABB
:1021A0005070FFF7D7FF08F02DFA2E2802D02E200E
:1021B00008F024FA012008BD0020FCE75C0C002098
:1021C000032808B511D80A4A117871B90121507055
:1021D0001170FFF7BFFF08F015FA2E2801D101207A
:1021E00008BD2E2008F00AFAF9E70020F8E700BF42
:1021F0005C0C0020024B1878431E5842584170472F
:102200005C0C002070B5114B1B78012B1CD1104ABF
:10221000126892B11E244878097804FB00220D4808
:1022200032F81140054630F8026BA64207D103F0A0
:10223000070335F8133022F81130012070BD013347
:10224000092BF0D10023F6E70020F7E75C0C002013
:1022500060170020500001084FF434722421014817
:1022600005F0EEBCB401010838B50024064D08F0B5
:10227000C9F915F8013B984204D00134192CF6D164
:10228000002038BDE0B2FCE73600010808B5FFF7D2
:10229000EBFF00F53E7005F085FC082828BF002004
:1022A00008BD000038B50446FFF7DEFF104B1B7871
:1022B000012B06D01922431CB3FBF2F102FB1133B0
:1022C000D8B20C4B185C207008F098F9FFF7DEFFCD
:1022D000094B13F8104003EB40035D7808F0FCF95C
:1022E000294602462046BDE8384008F0CEB900BF76
:1022F0005C0C00203600010821000108032810B5FD
:1023000004460AD8FFF726FF20460121FFF756FEB4
:102310002046BDE81040FFF73FBF10BDB42358432F
:10232000C1EB01111144243000EB41007047032838
:1023300038B510D805290ED80E2A0CD8FFF7EEFFB5
:10234000054605F02FFC0446681C05F02BFC44EA0A
:10235000002080B238BD0020FCE7032870B51C4681
:102360000FD805290DD80E2A0BD8FFF7D7FF054641
:10237000E1B205F07FFC210A681CBDE8704005F061
:1023800079BC70BD08B54FF43E7005F00BFC082811
:1023900028BF002008BD000070B508F033F90723FE
:1023A000134A12F8011B814220D0013B13F0FF03B6
:1023B000F7D10724FFF7E6FF0130B0FBF4F304FB8D
:1023C00013000C4BC4B213F8105003EB40035E78BB
:1023D00008F082F931460246284608F056F92146AF
:1023E0004FF43E7005F009FC204670BD0624E1E77D
:1023F0002F0001082100010870B5FFF747FF0446D0
:1024000006289CBF0B4B1C5C0B4B13F8145003EBC2
:1024100044035E7808F060F931460246284608F029
:1024200034F9FFF721FF2146BDE8704000F53E700A
:1024300005F0E3BB1A0001082100010870B5FFF7A1
:1024400025FF044606289CBF0B4B1C5C0B4B13F866
:10245000145003EB44035E7808F03EF9314602461F
:10246000284608F012F9FFF7FFFE2146BDE870404C
:1024700000F53E7005F0C1BB130001082100010802
:102480002DE9FF411D4B1B7893B3002201AC11468F
:10249000104606F0D7FC002527460A26DFF86080A4
:1024A0000A2241463846FEF77FF901F0B3F9037876
:1024B000EAB2B3FBF6F3934200D8E5B901F0AAF90A
:1024C0000378312B03D900239622194608E001F046
:1024D000A1F903781D2B4FF00003F5D81A46962179
:1024E0002078013506F042FC0A2D04F10104D7D111
:1024F00004B0BDE8F08100231A46E6E7B4410020AD
:10250000BBFF00082DE9F0430D46144689B00C28A6
:1025100048D8DFE810F00D004A008100C1004701F3
:10252000520160016E0179018401A501B301BF016F
:10253000C04FC14E386809F0E3FF0E2805D909F0F5
:102540009BFF338838600333338004EB84042C44CE
:102550006FF007084725FF27E4B208FB05F3328830
:1025600003F596631344B3FBF7F213448DF804307C
:102570008DF805708DF80640019805F0F3FEC0F364
:102580000721C0F307438DF808008DF809108DF876
:102590000A30C2B2DBB22846C9B2013506F0E6FB0A
:1025A000972DDAD109B0BDE8F083A44FA44E386866
:1025B00009F0A6FF0E2805D909F05EFF33883860C0
:1025C0000333338004EB84042C44FF270025E4B25A
:1025D00033888DF8057003EBC503B3FBF7F21344A2
:1025E0008DF804308DF80640019805F0BBFEC0F36D
:1025F0000721C0F307438DF808008DF809108DF806
:102600000A30C2B2DBB205F14700C9B2013506F0AB
:10261000ADFB502DDCD1C5E78A4F8B4E386809F0F1
:102620006FFF0E2805D909F027FF33883860033380
:10263000338004EB84042C444FF00C080025FF2762
:10264000E4B2282DEBB28CBF283BC3F128033288BB
:10265000DBB208FB0323B3FBF7F213448DF804301D
:102660008DF805708DF80640019805F07BFEC0F3EB
:102670000721C0F307438DF808008DF809108DF885
:102680000A30C2B2DBB205F14700C9B2013506F02B
:102690006DFB502DD5D185E705220023B1FBF2F269
:1026A000032C8DF809308DF80A308DF80D30ADF817
:1026B00010308DF813308DF814308DF817308DF8F8
:1026C00018308DF81B30614F4FEA51038DF80C2004
:1026D0008DF81D30A1EB44028DF81E308DF81F30AF
:1026E00098BF5B4BD2B238688CBF0F241C5D8DF84D
:1026F00008108DF80B108DF80E208DF80F208DF836
:1027000012108DF815208DF816208DF819108DF8FF
:102710001A208DF81C2009F0F3FEA0424D4E4E4CBD
:102720000ED309F0A9FE4D4938600B786BB32378BE
:102730000133DBB2AB4229BF0023237025700B703D
:102740004FF04709337803EB430320336B4413F80E
:10275000186C13F8177C13F8168C2178484601FB87
:1027600008F301FB07F27143B3FBF5F3B2FBF5F29B
:10277000B1FBF5F1DBB2D2B2C9B209F1010906F041
:10278000F5FAB9F1970FE8D10CE72278337812B156
:10279000013A2270D4E70122134403F007030A70C0
:1027A0003370CDE74724002320461A4629460134DA
:1027B00006F0DCFA972CF6D1F4E605264724B1FBA7
:1027C000F6F62046002332462946013406F0CEFABA
:1027D000972CF6D1E6E64725A1EB8204E4B2284621
:1027E000002322462146013506F0C0FA972DF6D186
:1027F000D8E64724002320462A461946013406F02D
:10280000B5FA972CF6D1CDE6472420462B462A462A
:102810000021013406F0AAFA972CF6D1C2E647242B
:10282000002220462B461146013406F09FFA972CD1
:10283000F6D1B7E6801700207C170020781700201B
:1028400074170020701700206C17002068170020F4
:10285000600001086417002065170020600C00204C
:102860004725A1EB8204E4B22846234600222146F4
:10287000013506F07BFA972DF6D193E647254C08F3
:102880002846234622462146013506F06FFA972D49
:10289000F6D187E64724002320461A46194601341C
:1028A00006F064FA972CF6D17CE600BF38B50C46EA
:1028B0000D4D78B109F0E0FD0C4B28601B7883B119
:1028C00000F0C6FA58B100F0C3FA0022114600F039
:1028D00009FA04E0286809F013FE3228EAD800203B
:1028E00038BD2370FBE700BF88170020F2210020CD
:1028F000014B1860704700BF8C17002070B500F0C6
:1029000085FF454C027823789A4206D000F07EFF7E
:10291000002203782370414B1A6001F027FE013832
:10292000C0B2062896BF3E4B002653F8206000F048
:102930006DFF0378032B06D8DFE803F0024C330762
:102940000022364B1A60012070BD344D2C6894B9BA
:1029500009F092FD334B28601A78002AF3D01C70DE
:1029600000F076FA054600F073FA22460146284642
:1029700002F0F2F8E7E7204647F22F5609F0C0FDD3
:10298000B042E0D9FFF736FC0028DCD109F074FD35
:102990002860112001F0F2F844F620600AF07FFF71
:1029A00014E001251D4C1F4B20681D7018B909F05B
:1029B00063FD2060C7E709F0A3FDB042C3D3FFF772
:1029C00019FC0028BFD109F057FD2060012000F05C
:1029D00075FCB8E7114C2368002BE8D000F038FAFA
:1029E000062809D000F034FA012805D000F030FAAA
:1029F000022801D000F02CFA206809F081FD47F28E
:102A00002F5398429FD9FFF7F5FB00289BD109F07F
:102A100033FD2060BDE700BF851700208C17002024
:102A2000640001088417002013B58DF807100DF11C
:102A30000701FFF73BFF044608B9FFF75FFF204699
:102A400002B010BD2B4B2DE9F0411B78BBB10F2517
:102A50004FF00108284E56F8041B4B1C0BD021F0F8
:102A60000F0701F00F0108FA01F401222146384650
:102A70000CF0C8F9BC61013D15F0FF05EBD1002257
:102A800080214FF080400CF0BDF900BF00BF00BFB7
:102A900000BF00BF00BF00BF00BF00BF00BF00BF3E
:102AA00000BF00BF00BF00BF00BF00BF00BF00BF2E
:102AB00000BF00BF00BF00BF00BF302585F31188F5
:102AC000012207214FF080400CF0BCF9002484F370
:102AD000118885F3118801220C214FF080400CF001
:102AE000B1F984F31188BDE8F041062123200BF0F1
:102AF00008BF00BFF021002080000108072804D093
:102B0000122804D1042000F0B9BB0320FBE7704772
:102B10004FF080434FF0807210B59A614FF0007211
:102B2000104C9A614021002220460CF06BF90022E3
:102B3000802120460CF066F94FF480030022A36147
:102B4000094B1A70094B1B785BB1112001F016F884
:102B500044F620600AF0A3FEBDE81040022000F019
:102B60008DBB10BD00040040D9210020F0210020C1
:102B700010B5084C237863B100F086FB03380128B8
:102B80009DBF0023032023700220BDE8104000F009
:102B900067BB10BDF021002010B5044609F06CFCA5
:102BA0003B4B186023780A2B66D006D8072B36D00B
:102BB000082B10D0FF23237018E0212BFAD1627864
:102BC000344B002A5FD0A1781A78002958D042F0FF
:102BD00080021A700AE0A378013B032BEAD8DFE8F1
:102BE00003F00206091201F0C1FCE07010BD0423DD
:102BF000E370FBE762792179E078FFF798FBA07139
:102C0000000AE071F2E7E0782379617940EA032075
:102C100040BAA21D80B2BDE81040FFF74BBAA378BE
:102C2000013B032BC6D8DFE803F0020B101BE07852
:102C30000728DBD801F0A2FCBDE8104001F0A6BBDC
:102C4000E078BDE81040FFF759BBE279A37921791C
:102C5000E07843EA02236279BDE81040FFF77DBBCC
:102C6000E0782379617940EA032040BAA21D80B25E
:102C7000BDE81040FFF737BABDE8104002F00ABBCC
:102C800061F3C712A5E71B78C3F3C013A370ADE7C8
:102C90008C170020D641002038B50C46054609F0B7
:102CA000EBFB074B214618602846FFF707F904465F
:102CB00020B92B780A2B01D102F0ECFA204638BD5E
:102CC0008C17002008B500F0A1FD0378022B03D17A
:102CD00000F0A4FD007808BD0020FCE700F086BDF0
:102CE00070470000F8B50C4615460646F8B921BBFA
:102CF000134F3B78A34200D13DB100F087FD032381
:102D0000037000F08BFD002303703C7004F00AFB9D
:102D10002946204600F0F8FF2A462146304601F0B9
:102D20001BFF2A4621463046FFF7DAFFF8BD00298F
:102D3000DED1012000F020FADAE70220FAE700BF36
:102D4000A317002037B5044600F060FD0378012B7F
:102D50000DD00025CDE9005500F058FD0378022B79
:102D600007D0094B2A4619780846FFF7BBFF03B086
:102D700030BD24B1082221466846FDF715FD68469E
:102D800000F062FEF3E700BFA317002037B504464A
:102D900000F03CFD0378012B0ED0002500958DF846
:102DA000045000F033FD0378022B07D00D4B2A4668
:102DB00019780846FFF796FF03B030BD74B1637809
:102DC0008DF80030A3788DF80130E3788DF802306B
:102DD00063798DF8033023798DF80430684600F06C
:102DE00091FEE9E7A317002037B5044600F00EFD79
:102DF0000378012B0DD00025ADF8065000F006FD3C
:102E00000378022B07D0114B2A4619780846FFF7A2
:102E100069FF03B030BD002CFBD0A278637843EA91
:102E20000223ADF80630813B022B09D801220DF1B7
:102E3000060002FA03F3ADF8063000F04FFEE8E7B3
:102E40000DF1060000F034FEE3E700BFA3170020F9
:102E5000014B1878704700BFA317002010B5154C20
:102E600000232278032A22D8DFE802F0020B131B8A
:102E70000A221148C370827009F034F901232370CB
:102E800010BD0D488370F623C37009F02BF902239F
:102E9000F5E7F6220848C370827009F023F903238E
:102EA000EDE7054883700A23C37009F01BF900237E
:102EB000E5E700BF9A170020941700207047000034
:102EC00010B5FFF7FBFF00F0D7FA00F0B1FC01F0FE
:102ED00003FC00F06DF9012803D1BDE8104000F0BB
:102EE0006DB900F0B7F968B9074C206809F008FB24
:102EF00040F6B733984205D900F06CFF10B109F0E5
:102F0000BBFA206010BD00BF901700202DE9F04FE4
:102F10008FB00E220021814602A8FDF7ADFA00F025
:102F200075FC0378012B0AD000F070FC0378022BAB
:102F300008D05D4B002219780846FFF7D3FE0FB08A
:102F4000BDE8F08FB9F1000F00F0A5804FF01E082A
:102F500000252022494606A8FDF726FC534F9DF880
:102F600019300DF119043B7014F8010F0CF0D0FD6D
:102F700008F1FF38284418F0FF08C5B2F4D14C4ED0
:102F80004FF0060BB2461AF8013F9BB300242246CD
:102F9000D3B29D420BD89AF80030A34218BF8AF8EA
:102FA000008022E001331E2B04D11C4607E00023E1
:102FB0000DF1190111F8010F0028F3D0DCB204F172
:102FC00038036B4413F81E0C019203F0ACF840EA8E
:102FD000C404E4B2214606A809F04FF99AF800307B
:102FE000019AA34202F10102D2D10BF1FF3B1BF087
:102FF000FF0BC8D14946202206A8FDF7D5FB4FF0AC
:1030000000084FF001095FFA88F39D420FD800F0E5
:10301000F3FA002845D1254809F052F802A800F03B
:103020002CFD8CE701331E2B04D11C4607E0002346
:103030000DF1190212F8011F0029F3D0DCB204F1DE
:1030400038036B4413F81E0C03F06DF840EAC40417
:10305000E4B2214606A809F010F93246002312F81E
:10306000011FA14202D021B93B449C7008F1010824
:10307000C9E70133062BF2D16F2CF7D80EAB03EB67
:10308000D40313F8302C04F0070409FA04F41443B1
:1030900003F8304CEAE7082249460448FDF7ECF90A
:1030A000B5E7FFF70DFFB2E7A31700209B1700203D
:1030B0009C17002008B5064B1B7823B9054B1B78DD
:1030C0000BB1FFF7CBFEBDE80840FFF7F9BE00BF2C
:1030D000A3170020B541002070B5044658B108F090
:1030E000DDFF0C4B834205D0184608F0D1FF0122CA
:1030F000094B1A7070BD00F089FB0378022BF9D1DF
:10310000044D20466B6898472046AB68BDE8704088
:10311000184700BF640C00203810002038B5044662
:1031200088B108F0BBFF114C84421ED00122104B25
:103130001A7001F077FA0F4809F00CFD2046BDE83F
:10314000384008F0A5BF0B4B1B78042B05D1074D69
:103150006B6898472046AB68984706480BF00BF918
:1031600004480BF019FD01F065FA38BD3C10002051
:10317000FA3D0020B446002010B50C4B04461A78E6
:10318000824204D00128187002D0022807D010BD56
:103190000020FFF7A1FF2046FFF7C0FFF7E7002060
:1031A000FFF7BCFF0120FFF797FFF0E7780C002046
:1031B000014B1878704700BF780C002010B50E4BFB
:1031C0000E4C1B78052B14D1236813B909F054F960
:1031D0002060206809F094F941F6573398420AD9E3
:1031E000002301202360064BBDE81040187000F05A
:1031F00065B80023236010BDB4460020A41700204A
:10320000B641002010B50B4C2378052B10D1B4F833
:103210004C309B0708D509F0DFF828B120460BF0A9
:1032200035F905480AF03BFBBDE8104009F0F6B857
:1032300010BD00BFB4460020A086010008B5044BB5
:103240001B78012B01D1FFF7DDFF012008BD00BF76
:10325000780C0020014B1878704700BFB017002091
:10326000014B1870704700BFB017002008B509F077
:1032700003F9014B186008BDAC170020014B187012
:10328000704700BFAA170020014B1878704700BF95
:10329000AA170020302310B583F3118800F0CAFD6F
:1032A000002484F3118872B600F0FAFE00F050FE9C
:1032B00004F06EFB84F3118862B610BD014B1870E8
:1032C000704700BFA917002010B5074C237828B11C
:1032D0001BB1FFF7CBFF0323237010BD002BFCD1E4
:1032E0000122024B1A70F8E7B0170020A91700203E
:1032F0000F4B70B51E6801F0EDF90E4D044618B97C
:1033000000232B7000240AE0FFF7A2FD18B90A4B36
:103310001B78042BF4D02B781BB100232B70204694
:1033200070BD002EEED003F0F7FFB042EAD3F4E711
:103330007C0C0020A9170020B446002010B5FFF730
:1033400087FD70B9084B1B785BB9084C2378012BBB
:1033500007D001F06FF920460BF01EFC20460BF061
:103360000AF8012010BD00BF01220020B446002051
:1033700008B5FFF7E3FF38B1044B186809F0C0F84F
:10338000C72894BF0020012008BD00BFAC17002053
:103390000120704708B5FFF7FBFF38B1044B1868F0
:1033A00009F0AEF8C72894BF0020012008BD00BF77
:1033B000AC17002070B5FFF74BFD044668B9084E06
:1033C0003578012D09D101F02DF9304609F0C2FB05
:1033D000224621462846FFF785FC012070BD00BF2C
:1033E000B446002008B5FFF7E5FF38B1044B186874
:1033F00009F086F8C72894BF0020012008BD00BF4F
:10340000AC1700207047000008B507F0BBF8003883
:1034100018BF0120044B187007F0A4F808F0F5FF5E
:10342000FFF7F0FF08BD00BFA8170020002310B56C
:10343000074C2370FFF76CFBFFF72CFF2378054A3E
:10344000022B18BF03231370FFF792FB10BD00BFC0
:10345000AA170020B017002008B5064B1B780BB147
:1034600007F06EF808F0DAFF01F0BEFDBDE8084095
:1034700003F058BFA817002010B5154C2378032B74
:103480001BD8DFE803F0020A131BFFF731FFA0B1DE
:10349000FFF7ECFE012323700FE0FFF769FF60B137
:1034A000FFF7B2FFFFF7E2FE0223F4E7FFF772FF38
:1034B00018B1FFF7DBFEFFF7B9FF10BDFFF792FF72
:1034C0000028FAD0FFF7C8FFFFF7D0FE0023E2E79D
:1034D000B0170020202938B505460C4610D1FFF75B
:1034E00067FE012806D122462946BDE83840022061
:1034F00009F07CBB21462846BDE8384000F0E4BB1B
:1035000038BD08F0E8BC0000054A064B06495A6081
:10351000116051609A60DA60002219611A70704778
:10352000981F0020B4170020C81700202DE9F04193
:10353000174C0E466768A56807F59C784545E36813
:1035400004D19F4206D10020BDE8F08105F10802B8
:103550009342F7E70F4B22699A1A312A9CBFA3F2D4
:10356000CF732361322EEED82369014632461846C6
:10357000FDF71AF9034645453344286023616B6023
:1035800002D1A7600120DFE70835A560FAE700BF98
:10359000B4170020971F0020074A10B5D36892681F
:1035A000934207D0D3E90014641A2246FDF7FCF8D1
:1035B000204610BD0024FBE7B4170020074BDA6853
:1035C00099688A4208D0596801F59C70824201D1FD
:1035D000D96070470832DA60704700BFB417002026
:1035E000014B1878704700BFB4170020014B1870CA
:1035F000704700BFB4170020034BD8689B68C01AFF
:1036000018BF0120704700BFB417002010490023E5
:103610000A4610B50C7C844212D11C215943501823
:10362000806850B1FF28515808D048434000411CE1
:103630001C2000FB03220120516010BD0131F7E77F
:1036400001330A2B01F11C01E4D10020F5E700BF92
:10365000D00C0020F0B50A4E00253446377C874256
:1036600007D11C2000FB05404176027683760120BD
:10367000F0BD01350A2D06F11C06EFD10020F7E759
:10368000D00C0020094A30B500231446157C854231
:1036900005D11C22012002FB0344A16030BD01338F
:1036A0000A2B02F11C02F1D10020F7E7D00C002018
:1036B000094A30B500231446157C854205D11C22E9
:1036C000012002FB0344616030BD01330A2B02F18B
:1036D0001C02F1D10020F7E7D00C002070B50B4C94
:1036E00000232546267C864209D11C204343E81846
:1036F000E95000238260C3604374012070BD013330
:103700000A2B04F11C04EDD10020F7E7D00C0020B7
:1037100070B500252E462B4C6368002B4FD0E06817
:1037200008BB637CB3FA83F35B09637408F0A4FEFF
:10373000D4E900239342E0602BD266606674E660B1
:1037400063690BB1207C9847207CFF2824D100229C
:103750001146104605F076FB0735462D04F11C0492
:10376000DAD1012070BD08F0CBFE23689842D8D290
:103770006368002BE4D0204600F0A4FD0028EBD0C5
:10378000637C207CB3B1FF280CD1A27E217E607EB9
:10379000E0E79B1A6360EBE79628DDD800231A4622
:1037A000194604E09628D7D8A37E227E617E05F0D4
:1037B000DDFAD1E7FF28CAD09628CDD8EFE76374A9
:1037C000E360C9E7D00C00200246002330B544185E
:1037D00012F8015B2B44A242DBB2F9D1435430BD55
:1037E0000120704708B5FFF7FBFF08BD08B54FF48F
:1037F000E13008F08FFFFFF787FEBDE80840242284
:1038000000210148FCF738BE2C21002000487047F9
:10381000800C002000487047830C0020004870474F
:10382000810C002018B111B189B208F0A3BF704714
:1038300073B5FFF7D5FE03280FD8DFE800F040028C
:103840002D3B774B186808F05BFE0A2805D900224B
:103850000220744B1A70FFF7C9FE734D734C08F0C9
:1038600093FF002856D008F07BFF2A68012A38D041
:10387000022A3ED0002A5BD161282FD85F2804D8C5
:10388000A0F15A03DBB2032BE9D8012302222B60FB
:10389000674B20701A70E2E7624A13780133DBB29B
:1038A000282B02D813700020D5E700231370FFF7F0
:1038B00085FEF8E7FFF782FE0020FFF797FE5D48E0
:1038C000FFF76AFE01460028C7D05A48FFF7AAFF53
:1038D00008F0D2FD524B18600120BCE7AF28BED1E2
:1038E000D3E70223524A2B6013786070013B1370B8
:1038F000B5E72378612B0FD163780D2B18D10A28F7
:1039000016D1FFF76DFE012802D10320FFF76EFEEE
:1039100000232B6002B070BDAF2B09D16378602B00
:1039200006D103232B60424BA0700130187096E73C
:103930003F49531C2B600B78A054013BDBB20B704A
:10394000002B8CD11946394810F8016B01313344F2
:103950008A42DBB2F8D8A25C9A422AD103223649C5
:1039600001A8FCF721FF032101A808F003FF20466E
:103970002978FFF737FF0028CCD02378602B0AD8AE
:10398000592B16D95A3B062B13D8DFE803F015192B
:103990003A3E12124200AF2B0BD1A678202E08D14E
:1039A000264932462648FCF7FFFE31462448FFF7F9
:1039B000A8FD00232B6052E76278224B5A70F8E78B
:1039C0006378313B052BF4D801A252F823F000BFF5
:1039D000E9390008F1390008F7390008B33900085F
:1039E000B3390008FD3900080122164B1A70E0E7D0
:1039F0000222144BFAE70322124BF7E70422114B81
:103A0000F4E762780F4BDA70D3E762780D4B9A7067
:103A1000CFE76078431E58425841FFF755FCC8E78E
:103A2000E4200020E0200020DC20002008210020ED
:103A3000D82000202C210020C6FF00080B210020E8
:103A4000E8200020800C00201FB500230193029382
:103A5000ADF80C30A123082201460DF105008DF8C8
:103A60000430FCF7A1FE01A80921FFF7ADFE0A21F1
:103A7000FFF75CFD05B05DF804FB30B5102585B09F
:103A800004462A4600216846FCF7F6FCA2230E22D3
:103A900021460DF101008DF80030FCF785FE6846E7
:103AA0000F21FFF791FE2946FFF740FD05B030BD1D
:103AB000002307B50193A323022201460DF105005F
:103AC0008DF80430FCF770FE01A80321FFF77CFE9F
:103AD0000421FFF72BFD03B05DF804FB002307B5BD
:103AE0008DF80630A4238DF804300378022101A854
:103AF0008DF80530FFF768FE0321FFF717FD03B0CF
:103B00005DF804FB002307B50093ADF804308DF891
:103B10000630A823052201460DF101008DF8003082
:103B2000FCF742FE68460621FFF74EFE0721FFF72D
:103B3000FDFC03B05DF804FB30B5054687B01522E7
:103B400000216846FCF798FC2846FCF7A3FEC4B2A7
:103B5000122C11D8A923224629460DF102008DF816
:103B600000308DF80140FCF71FFEA11C6846FFF7EE
:103B70002BFE1521FFF7DAFC07B030BD002307B597
:103B80008DF80630A6238DF80500022101A88DF8D6
:103B90000430FFF719FE0321FFF7C8FC03B05DF8FE
:103BA00004FB002307B58DF80630A7238DF8050028
:103BB000022101A88DF80430FFF706FE0321FFF76C
:103BC000B5FC03B05DF804FBB32307B58DF8032003
:103BD0009A1A8DF8010010448DF802108DF8040037
:103BE000052168468DF80030FFF7A0FC03B05DF8B2
:103BF00004FB000013B503240549224601A8FCF785
:103C0000D3FD214601A8FFF791FC02B010BD00BF13
:103C1000D8FD000830B50C468FB005463122002192
:103C200001A8FCF729FC2E2C11D8AB2322462946EB
:103C30000DF106008DF804308DF80540FCF7B4FD59
:103C4000A11C01A8FFF7C0FDE11CFFF76FFC0FB03E
:103C500030BD30B50C468FB005463122002101A899
:103C6000FCF70AFC2E2C11D8AC23224629460DF174
:103C700006008DF804308DF80540FCF795FDA11C79
:103C800001A8FFF7A1FDE11CFFF750FC0FB030BD0C
:103C90001FB5002304220293ADF80C30AD2340EA97
:103CA000014001900DEB02010DF109008DF8083083
:103CB000FCF77AFD02A80521FFF786FD0621FFF734
:103CC00035FC05B05DF804FB30B50C468BB00546FD
:103CD0002422002101A8FCF7CFFB202C12D146F2B0
:103CE000AF13224629460DF10700ADF804308DF8D8
:103CF0000640FCF759FD232101A8FFF765FD2421AB
:103D0000FFF714FC0BB030BD10B50C46062851D897
:103D1000DFE800F004212C353E4709001120BDE802
:103D20001040FFF72BBF3020FFF728FF002C41D0B9
:103D30000A212148FFF76EFF28212048FFF789FF5D
:103D400043F22D404EF21A51FFF7A2FF5220FFF727
:103D500015FF5120E3E73120FFF710FF54B3522045
:103D6000FFF70CFF1648FFF7E7FEF2E73220FFF7F8
:103D700005FFFCB15220FFF701FF1248F3E73320A3
:103D8000FFF7FCFEB4B15220FFF7F8FE0E48EAE759
:103D90003420FFF7F3FE6CB15220FFF7EFFE0B4823
:103DA000E1E73520FFF7EAFE24B15220FFF7E6FEF7
:103DB0000748D8E710BD00BFBC000108C6000108D5
:103DC000CAFF0008D4FF0008DEFF0008E8FF000873
:103DD000F2FF000808B5FFF70FFC20B95320FFF7EA
:103DE000CDFE012008BD0020FCE7000010B5C4B2E4
:103DF0000B2C0CBF02200120FFF740FA2046FEF7F3
:103E00007DFE0AF0D8FF4FF0FF32014B5A6110BD22
:103E1000001800400023054A0549C2E90013013398
:103E2000102B02F10802F8D1704700BF7044002047
:103E3000ED3D00082DE9F041FFF7ECFF00254FF0C4
:103E400001083F4E56F8041B4A1C0CD021F00F0706
:103E500001F00F0108FA01F4214605223846240436
:103E60000AF0D0FFBC610135EDB20F2DEAD1062476
:103E700001263027334D55F8040B431C2ED000F09B
:103E80000F01202206FA01F120F00F000AF0BAFF1C
:103E900000BF00BF00BF00BF00BF00BF00BF00BF2A
:103EA00000BF00BF00BF00BF00BF00BF00BF00BF1A
:103EB00000BF00BF00BF00BF00BF00BF00BF00BF0A
:103EC00087F3118855F8040C022200F00F0120F04E
:103ED0000F000AF0B7FF002383F31188013C14F0B0
:103EE000FF04C8D122464FF4006117480AF08AFF48
:103EF00000BF00BF00BF00BF00BF00BF00BF00BFCA
:103F000000BF00BF00BF00BF00BF00BF00BF00BFB9
:103F100000BF00BF00BF00BF00BF00BF00BF00BFA9
:103F2000302383F3118803220B2107480AF08AFF0C
:103F300084F31188FEF786FDBDE8F0410AF01CBF4E
:103F40004C0101088801010800080040704700008A
:103F500008B508F087FE0322214B22499A620C2201
:103F6000DA62D1F89020204822F01802C1F890209F
:103F700000229A62DA62D3F8402C03F5406342F4DF
:103F800080721A641A6C4FF4006142F002021A64E3
:103F900001225A63DA67DA6608225A615A695A615D
:103FA0005A6942F001025A619A6C42F4C0629A6402
:103FB0009A6CDA6C42F00802DA64DA6C9A6C42F4B9
:103FC00080529A649A6CDA6C42F01002DA6440F221
:103FD0008232DB6C0AF016FFFFF7B8FF08BD00BFA6
:103FE0000000014000040140000800404FF0E022C2
:103FF00038B51369012423F001031361224A234BCE
:104000005A6100220021930003F1604303F56143EC
:10401000D3F80001CDB2012D94BF002000F00100C3
:1040200008B1C3F8804101312029F1D10132082AB9
:10403000E8D1174C636843F000736360154B1A684E
:1040400002F009021A601A6842F46C3242F004026B
:104050001A6040F2B3321A620F4B43F001039847E3
:10406000236943F00403236130BF0C4B43F0010389
:1040700098474FF0E022236923F00403236113697A
:1040800043F00103136138BDFFFF07000018004033
:1040900000ED00E00000014024010108F0000108EB
:1040A000FFF7A4BF38B51A4D04462B78042B1BD854
:1040B000DFE803F003280E1F280000231A461946E4
:1040C000FFF7C8FAFF2232212046FFF707FB0BE07B
:1040D000FF231A461946FFF7BDFA0322FA212046AC
:1040E000FFF7FCFA01232B702046BDE83840FFF7AC
:1040F0008DBAFF231A461946FFF7ACFA01224FF496
:10410000FA71E1E700232B70FFF7CCFFECE700BF6B
:10411000DA210020F8B53C4B04461D783B4F3C4E5D
:10412000CDB13C4B3C4A1B7873B100231360012294
:1041300019463270FF223B70FFF78CFAFF220A21EA
:104140002046FFF7CBFA44E013600122FF213270D2
:104150003B701A46F0E7FFF75DFB03780F2B44D85E
:1041600033783D70002B39D02A462B46FF2120465C
:10417000FFF770FA01224FF4FA712046FFF7AEFA0A
:10418000FFF748FB037823BB234D2B6813B908F0D6
:1041900073F928602868E0B108F0B2F946F2A81374
:1041A000984216D902F01AFB286890B108F0A8F9D5
:1041B00046F2905398420CD902F010FB00232B607A
:1041C0000125164B11201D70FFF7D8FC2846FFF77C
:1041D00075F82046BDE8F840FFF718BA1A461946A8
:1041E0002046FFF737FAFF22C5E701230A4A29468E
:1041F0003B70156033702A462B462046FFF72AFA9B
:10420000FF224FF496719BE701220020F12100204C
:10421000870C00200022002064210020F0210020D3
:10422000FF2810B504461CD10E4BD3F8143123F0EF
:104230007F43B3F5405F0DD1002230231146FFF7D5
:1042400009FA20460121FFF71DFA2046BDE810407B
:10425000FFF7DCB9B3F5401F03D100233022194624
:10426000EDE710BDD00C002070B51D460C4B0E467E
:104270005B781446DB060DD50A4B187801F053FF26
:10428000022808BF3446E0B26B792BB1BDE870401C
:1042900001F0C0BFC0B2F7E7BDE8704002F002B85D
:1042A000BC4100203922002008B5054B00211870C0
:1042B000FB20FFF7FDF9BDE80840FB20FFF7F2BE49
:1042C000DA21002010B5037C0446FA2B0AD0FB2B20
:1042D0003BD0294B1B78BBB9FDF78CFF80F0010068
:1042E000C0B212E0254B1B7873B9234B1B785BB926
:1042F000234B1B78DB0607D506F084F91D2805D172
:10430000627C204B9AB91A70002010BD06F07AF931
:104310002028F5D0637CB3B1637E53B9237E002B94
:10432000F2D0A37E002BEFD1FF22194607E0012235
:10433000E9E7A36913F0FF13E6D11A46FF2107202E
:1043400004F014FDE0E71A46EFE70C4B1B78012B55
:104350000ED0033B012BD7D80B4B1B78002BD3D0AF
:10436000437C002BD0D0837E027E417E5020E7E745
:10437000FDF740FFC8E700BFF6210020DA2100204A
:10438000BC410020EE210020B8410020014B1868FC
:1043900002F048BFBC4100200B8813B5A3F5FC43D5
:1043A0000A2B28D8DFE803F0062A435C27272727B3
:1043B000A9277400684B01201A780DF10701C2F398
:1043C000420352098DF80730FEF770FA9DF8072076
:1043D000042A10D81523D340D9070CD5FEF738FD91
:1043E00001221146FEF77EFC01225C4B1A7008F098
:1043F00043F8FEF77DFA002002B010BD564B0120B5
:104400001A780DF10701C2F3420352098DF8073003
:10441000FEF74CFA9DF80720042AECD81523D34068
:10442000DA07E8D5FEF714FD01220221DAE74A4B4C
:1044300001201A780DF10701C2F3420352098DF8E9
:104440000730FEF733FA9DF80720042AD3D8152346
:10445000D340DB07CFD5FEF7FBFC01220321C1E7E8
:104460003D4B01201A780DF10701C2F342035209B6
:104470008DF80730FEF71AFA9DF80730DA1E012A88
:1044800001D9002BB7D1FEF7E3FC01220621A9E7F1
:10449000334B187801F047FE02280CBF012200229E
:1044A000304B1A701BD1002001F09FFD002002F05C
:1044B00010FA0022FF2311461A20FFF7CBF88120C3
:1044C000FFF76FFB00211A20FFF7F2F80322FA2111
:1044D0001A20FFF703F91A20FFF798F88BE702205C
:1044E00001F083FD002002F0F4F9FF231A201A46A0
:1044F0001946FFF7AFF88020E2E7174A517881F0BC
:104500000803C3F3C00363F3C30111F00804164B9F
:10451000517016D001221A800023FF211A46242050
:10452000FFF798F800212420FFF7C2F80322FA21B0
:104530002420FFF7D3F82420FFF768F8FFF726FFC1
:1045400059E708221A80FF23242019461A46FFF74C
:1045500081F82146E7E700BFBC410020D9210020B7
:1045600039220020F4210020EC0D0020024B587865
:1045700000F00700704700BFBC410020024B5A7892
:1045800060F302025A707047BC4100200022174BB2
:1045900010B51A700122164C164B1A702368164A71
:1045A0001A40164B13432360FF232371FEF750FC80
:1045B000237860F343032370FDF74EFEFFF7E6FE1A
:1045C0000F4B187870B102280CD0002002F081F94E
:1045D000BDE810400B4B1A7842F080021A70188820
:1045E00002F019BE01F001FDEFE700BFED21002050
:1045F000BC410020EA0D00200E80E0F031270400CD
:10460000EF210020D641002008B502F008FE044B3F
:10461000186018B9BDE80840FFF7B8BF08BD00BF73
:10462000BC4100204FF40032014B9A61704700BF3B
:10463000000400400222014B9A61704700040040D0
:104640004FF080434FF080729A6107F0C3BE0000C4
:104650004FF080434FF4807210B59A614FF40072AE
:10466000184C9A618021012220460AF0CBFB4FF4BE
:1046700000030122A361402120460AF0C3FB124B34
:104680005B7813F0400316D040230022A3610F4B48
:104690001A70FEF7DDFB0446FEF7DAFB0022014646
:1046A0002046FEF71FFB07F096FE07F0E5FEBDE88B
:1046B0001040FEF71DB94FF48002A261044A137046
:1046C000E7E700BF00040040BC410020EA0D0020E5
:1046D000ED2100200120704738B5134D134C286898
:1046E000C8B107F00DFF632815D97020FFF746FA0F
:1046F0005520FFF743FA5720FFF740FA00222178B0
:1047000011F00E0F0CBF01201046C1F34201FEF75D
:10471000E9FA00232B6021780020BDE838404A09DF
:10472000C1F34201FEF780B904220020BC41002001
:104730008C4B73B51880A0F5FC400C460A2800F29B
:104740000E81DFE810F0340072009300B300D70050
:104750000C010C010C0114000C011400824C207897
:1047600006F0ECFB00232370002002B070BD4B79F3
:10477000002BF3D0FEF76CFB0446FEF769FB844286
:1047800009D0FEF765FB0446FEF762FB00220146F6
:104790002046FEF7A7FA744C2378002BE4D140F6AC
:1047A000B830704A714906F0BBFB2070DCE7704BF3
:1047B00001201A780DF10701C2F3420352098DF866
:1047C0000730FEF773F89DF80720042A26D8152332
:1047D000D340D90722D56679634D002E00F085803D
:1047E000FEF736FB012805D0FEF732FB002201213F
:1047F000FEF778FA2B7833B940F6B830594A5B495E
:1048000006F08EFB2870637943B107F007FE0022A3
:10481000584B1A7007F030FEFEF76AF8FF20FFF7DA
:10482000ADF90022544B1A709EE7514B01201A78C3
:104830000DF10701C2F3420352098DF80730FEF76C
:1048400035F89DF80720042AE8D81523D340DA0765
:10485000E4D56679444D002E47D0FEF7F9FA0228D8
:10486000C8D0FEF7F5FA00220221C1E7404B012033
:104870001A780DF10701C2F3420352098DF807308F
:10488000FEF714F89DF80720042AC7D81523D34053
:10489000DB07C3D56679344D3EB3FEF7D9FA03285A
:1048A000A8D0FEF7D5FA00220321A1E7304B012062
:1048B0001A780DF10701C2F3420352098DF807304F
:1048C000FDF7F4FF9DF80730DA1E012A01D9002B0D
:1048D000A4D16679244D46B1FEF7BAFA062889D0EC
:1048E000FEF7B6FA0022062182E7287806F026FBBA
:1048F0002E7088E71E4B01201A780DF10701C2F3D4
:10490000420352098DF80730FDF7D0FF9DF80730BC
:10491000DA1E012A01D9002B83D16579124CCDB161
:10492000FEF796FA28B1FEF793FA00221146FEF739
:10493000D9F9237833B940F6B8300A4A0B4906F062
:10494000EFFA207000220B4B1A7007F095FDFDF76F
:10495000CFFF66E7207806F0F1FA2570F2E7012034
:1049600003E700BF602100205F2100209943000879
:10497000BC410020D9210020E0210020F8B50446E8
:104980000D46FEF743FF0378022B03D107F074FDB9
:10499000FDF7AEFF47F621039C421BD015D845F228
:1049A000212224F00203934228D16F7997B9FDF7B1
:1049B00021FC78B11B4E337823B12946204637704D
:1049C000FDF720FC0123337004E0A4F5FC43123B07
:1049D000032B13D8FDF70EFC10B3A4F5FC43123BD8
:1049E000032B1CD947F621039C4218D045F2212005
:1049F00024F00204231A5842584110E0FDF7FAFB54
:104A00000028E7D0A4F5A443203B1F2BE2D96B7903
:104A1000002BDFD029462046FDF7F4FB0020F8BD2F
:104A20000120FCE7B84100201E3808B50B462728B6
:104A30006DD8DFE800F0141B1F23272B2F33373BE3
:104A40006C6C6C6C6C3F436C6C6C6C6C6C6C6C6CFC
:104A50006C6C474B4E5154575A5D606366693A22FD
:104A6000BE211E20FFF700FC002008BD3B22BD2117
:104A70001F20F7E73C22C1212020F3E73D22C2217D
:104A80002120EFE73E2222201146EBE73F222320A0
:104A90001146E7E74022AC212420E3E74122AE2182
:104AA0002520DFE74222AB212620DBE74322A82195
:104AB0002720D7E74422AA212D20D3E74522A92188
:104AC0002E20CFE7B3223A210846CBE7B5223B217F
:104AD000FAE7B1223C21F7E7B2223D21F4E7AF2209
:104AE0003E21F1E7AD223F21EEE7AC224021EBE78A
:104AF000AE224121E8E7AB224221E5E7A82243218B
:104B0000E2E7AA224421DFE7A9224521DCE70120D0
:104B1000ABE7000073B5154606461C46019107F049
:104B2000ABFC084B03221860074B64001E60074B68
:104B300001A91D60064B07481C60FBF735FE02B05B
:104B400070BD00BFD4210020C8210020D02100204A
:104B5000CC210020C2210020F7B5474B474E0D461F
:104B6000377814461A70FEF773F9C7F34207874285
:104B700013D0FEF76DF9337800F0070060F34303BC
:104B80003370DAB203F00E032BB103289EBF134635
:104B900060F347133370FFF7F9FB062D69D8DFE8A0
:104BA00005F057041C3068684400FF236CB10022F4
:104BB0008DF80630ADF804200123C82204200199A5
:104BC00003B0BDE8F040FFF7A5BF8DF806304FF405
:104BD000FA720123ADF80440F0E7FF234CB1002244
:104BE0008DF80630ADF804200123C8220320019976
:104BF000E6E78DF806304FF4FA720123ADF8044071
:104C0000F4E7FF234CB100228DF80630ADF8042004
:104C10000123C82202200199D2E78DF806304FF413
:104C2000FA720123ADF80440F4E74FF47F43ADF886
:104C300004303CB10023C8228DF806300123184609
:104C40000199BDE701234FF4FA728DF80640F6E7AB
:104C50004FF6FF73ADF804308DF8063001231CB118
:104C6000C82200200199ABE74FF4FA72204601995F
:104C7000A6E703B0F0BD00BFD8210020BC41002052
:104C800010B5FEF7C3FD0378022B13D0FEF7E0F852
:104C900018B90A4B1B78042B0AD0FEF7D9F8044642
:104CA000FEF7D6F8064B01461A782046FFF754FF68
:104CB000012010BD01F05FFA0020FAE7B4460020A1
:104CC000D821002070B5164C2068D0B107F018FC30
:104CD000144B154D1B68984208D2144B18682B686A
:104CE00013F0010313D11A46194614E007F0C4FB70
:104CF0002B68206033B900232360FFF7C1FF002831
:104D0000EBD170BD013B2B60002BE6D1F3E70849E6
:104D10008B784A780978BDE8704004F027B800BF66
:104D2000D4210020D0210020CC210020C821002047
:104D3000C221002008B53023FF201A461946FEF78D
:104D400089FC0322FA21FF20FEF7C8FCFF20FEF7B2
:104D50005DFC012008BD0000204B2DE9F0411B78CF
:104D600013B30025DFF87880474600242846E1B2D7
:104D700002F0C8FD064660B13B7853B94DB9012C2D
:104D800014D16020FEF7FAFE224605212846FEF7E0
:104D90001BFF01340F2C07F8016BE7D10135EDB291
:104DA000062D08F10F08DFD1BDE8F081022C06D1F5
:104DB0006020FEF7E3FE012205211320E7E7032C24
:104DC00006D16020FEF7DAFE012205212720DEE76A
:104DD000042CDED1FEF70EFFDBE700BFF22100203E
:104DE000682100204FF0804213692DE9F0415A4CB0
:104DF00003F08001C3F3C01323701369574E03F40B
:104E00000042C3F3C0333370002969D0002A0CBFBD
:104E100064256625524F3868002863D107F02CFBC3
:104E200038602846FEF7AAFE5320FEF7A7FE4D4F36
:104E3000FFF792FF387801F076F9002858D0022861
:104E400056D0DFF8248198F800307BB1474D2868B0
:104E500007F056FB4F2809D94FF40002444B9A61E2
:104E6000002388F8003007F007FB2860DFF8048192
:104E700098F800307BB1404D286807F041FBC72807
:104E800009D94FF400023A4B9A61002388F80030A8
:104E900007F0F2FA2860394D2B7853B9387801F0D1
:104EA00042F902280CBF80208120FEF77AFE012300
:104EB0002B70FDF7CDFF324D2B78834207D0FDF7E5
:104EC000C7FF2870FDF7C4FFFF20FEF757FE05F06F
:104ED00099FB1D280FD12B4B1B788BB1BDE8F081BE
:104EE000652597E707F00CFBB0F57A7F96D89EE72B
:104EF000254B1870A5E705F085FB2028EED1EAE7E1
:104F0000224B1A78002AE9D1214B1B78DB06E5D524
:104F10002578204C6DB1337843B11346FF221946F2
:104F2000072003F023FF01232370D7E71A46FF2150
:104F3000F6E7FEF76FFC03780F2BF4D8237833B92C
:104F40001A461946BDE8F041072003F00FBF2B4673
:104F50002A46FF21F6E700BF0122002000220020A0
:104F60005821002039220020EC210020E8210020D7
:104F700000040040E90D0020E4210020552100201C
:104F8000860C0020DA210020EF210020F6210020ED
:104F9000BC410020EE2100202DE9F3410026FF272F
:104FA000104D054400EB80004400E4B28DF8004051
:104FB0008DF801708DF80270009815F8018B03F0E0
:104FC000D1F90136C0F30743C2B2C0F3072140460E
:104FD00003F0CCFE0A34052EE4B2E7D102B0BDE8FE
:104FE000F08100BF880C002038B5FDF731FF044682
:104FF00070B923480578012D0AD14FF40032214BB6
:105000009A6107F0A7FD224621462846FDF76AFE71
:105010001D4D002029781B4C4A09C1F34201FDF7C0
:1050200003FD4FF080434FF480729A614FF4007299
:1050300040219A612046202209F0E4FE20228021AE
:10504000204609F0DFFE01228021204609F0DAFE29
:105050004FF400030122A3614021204609F0D2FE53
:105060006B7813F0400305D040230022A361074B67
:105070001A7038BD4FF48002A261054A1370F8E738
:10508000B446002000040040BC410020EA0D00208E
:10509000ED210020F8B5002401270A4E0025204606
:1050A000E9B202F02FFC28B1052C03D115B9012576
:1050B0003770F4E701350F2DF1D10134E4B2062C3D
:1050C000ECD1F8BDF22100201A4B07B51B7873B361
:1050D000194B1B78032B17D8DFE803F00221242794
:1050E0004FF47F43ADF80430A0238DF806300198CB
:1050F00003F038F9C0F307238DF80000C0F3074030
:105100008DF801308DF802009DF802209DF8001006
:105110009DF8010003B05DF804EB03F093BE4FF679
:105120005573DFE74FF6AA73DCE70023DAE703B035
:105130005DF804FBF6210020F52100200A4B9B7846
:1051400003F00703032B0BD8DFE803F00C0206087B
:105150001123064A137070471E23FAE72A23F8E743
:105160003723F6E70823F4E7BC410020E1210020C3
:1051700038B5FFF749FA01224FF480714FF08040B3
:1051800009F040FE4FF080454FF48073AB614FF45F
:1051900000333A4C0122A3612046022109F032FE7D
:1051A00028460022802109F02DFE284620224FF4B7
:1051B000004109F027FE20462022402109F022FE6E
:1051C00020462022802109F01DFE284601224FF4AE
:1051D000007109F017FE4FF40073AB61284DFDF725
:1051E0007DFD29780022C1F342010120FDF77AFDFF
:1051F00007F042F9234BFF221860C821FA20FEF77E
:105200006DFAFA20FEF702FAFF22C821FB20FEF712
:1052100065FAFB20FEF7FAF9FDF71AFEFF20FEF70C
:10522000ADFC02F09DF8A878C0F3C100FCF79EFF2A
:1052300020460122802109F0E5FD4FF40003012200
:10524000A3614021204609F0DDFD6B7813F0400199
:1052500017BF40224FF480020021A2610ABFA26161
:10526000094A0A4A13F0080F11700CBF01220822E4
:10527000074B1A80BDE83840FFF760BF00040040CC
:10528000BC41002004220020EA0D0020ED21002076
:10529000EC0D002008B502F021F803F035FD01F017
:1052A000B7FF054B1880FFF745FD18B1BDE8084072
:1052B000FFF75EBF08BD00BFD64100202DE9F041D9
:1052C00006460C46FFF75AFB002800F00B812146EA
:1052D0003046FFF7A9FB002800F004812146304644
:1052E000FFF726FA0746002800F0FC80B54B1B7834
:1052F00023B147F60E639E4240F0F480DFF8C88287
:1053000098F8003053B1637943B12C2E06D00022B7
:105310001146104688F8002003F094FDAB4D2B7821
:1053200013F00E0F40F0D080B6F5F84F00F07D81FD
:1053300000F2A88045F202239E4200F0E9827AD86A
:105340007E2E4CD87A2E3FD82C2E00F07F81384606
:10535000BDE8F081A6F5FC46053E182EF7D801A35E
:1053600053F826F0F55800085955000879570008F9
:105370004F5300083D5600084F5300082D5A0008AF
:10538000E75600082D570008715500081B56000805
:10539000E95400081D550008D75900086559000850
:1053A0009D590008BD5900084F5300084F5300088D
:1053B0004F5300084F5300087156000897560008D5
:1053C000B5560008A75500087C3EE0206379022E00
:1053D00000F2EF80DFE816F006010F011801E72E5A
:1053E00016D8E02EB3D9E13E062EB0D801A353F86B
:1053F00026F000BF695B00084F530008FB5A000805
:105400004F530008695B00084F5300082D5B0008EC
:10541000B6F5A44F9BD16379002B63D06C4B187801
:1054200000F081FE02285DD1002000F0DEFD0020AA
:1054300001F04FFA56E047F213039E4200F0A180BC
:10544000A6F5F046203EB3B20A2B80D80A2E3FF6CE
:105450007EAF01A353F826F0D35600086F5A000818
:105460004F530008CF5A00084F530008D358000884
:10547000B158000801580008495800089157000821
:10548000C557000847F61D639E423FF660AF47F6DA
:1054900004639E423FF65EAF47F603439E4200F030
:1054A000328247F616439E427FF451AF6279494BF0
:1054B000002A49D0484A1278002A0CBF29203520FA
:1054C0001A7000F017FD0DE0FEF7A0F90378032B2A
:1054D0007FF42AAF331FA02B04D9A6F1E003072BDA
:1054E0003FF622AF002732E7EB7803F00F030C2BD7
:1054F000F8D06379002BF5D0AB7803F00702032ACC
:1055000008D8013262F30203AB70FFF717FEFEF713
:105510003DFFE7E7042AF8D00422F3E7EB7803F035
:105520000F030C2BDED06379002BDBD0AB785E074A
:1055300003D1AB7823F00703E6E7DA1D62F3020339
:105540005C07AB70E1D1F4E71B78002B0CBF29207E
:10555000352000F0E5FCC5E76379002BC2D06B78FD
:1055600083F01002C2F3001262F304136B70CEE7F3
:1055700063791A4C002B00F0C98106F07DFF206092
:10558000B0E76379002B3FF4E2AE002330211A46E6
:10559000FF20FEF75FF80121FF20FEF773F8FF20E0
:1055A000FEF734F8D3E662790D4B02B101221A708E
:1055B00098E71BB100F09EFC1B2082E700F0B0FCD6
:1055C0001B20C6E7F2210020F6210020BC4100206C
:1055D000392200205E210020F3210020F821002044
:1055E000B54100201BB100F085FC062069E700F002
:1055F00097FC0620ADE71BB100F07CFC192060E7AA
:1056000000F08EFC1920A4E71BB100F073FC092008
:1056100057E700F085FC09209BE76379002B3FF4F6
:1056200096AE6220FEF7AAFA91E66379002B3FF46A
:105630008EAE01F0CAFD06F07BFF88E66379002B91
:105640003FF450AF012388F800304BE798F8003062
:10565000002B3FF47CAE6379002B3FF443AFB34A99
:1056600013780133DBB2032B88BF0023137039E7B3
:1056700063794BB1FCF7BEFD30B9E22000F0CAFD02
:105680002B2000F0C7FD62E6E22000F00BFE2B208D
:1056900000F008FE5BE663793BB1FCF7ABFD20B997
:1056A000E32000F0B7FD0B20EBE7E32000F0FAFD6C
:1056B0000B20EDE763793BB1FCF79CFD20B9E320BB
:1056C00000F0A8FD0720DCE7E32000F0EBFD072059
:1056D000DEE76379002B3FF405AF2B78DA4362F302
:1056E00000032B7013E76379914CEBB12178D9B9A2
:1056F0006B78402243F040036B7001258D4B1D7089
:105700008D4B9A618D4A107828B11170FEF73EFEDC
:1057100001232370E6E680229A6106F0ADFE884BF5
:105720001860884B1D70F1E70023F2E76379864E1D
:10573000FBB13578EDB9802201247F4B9A61834B10
:105740001C7006F099FE824B1860FF2346201A4613
:105750001946FDF77FFF29464620FDF7A9FF0322E2
:10576000FA214620FDF7BAFF4620FDF74FFF3470BF
:10577000B8E600233370B5E66379002B3FF4B2AE90
:105780002B7883F01002C2F3001262F30413A8E72F
:10579000FCF730FD054600287FF4A4AE6379002BAA
:1057A0003FF4D5AD05F01EF8D6287FF6D0AD2946DA
:1057B0001120FDF77DFF0322FA211320FDF78EFF54
:1057C0001320EDE6FCF716FD00287FF48BAE64791C
:1057D000002C7FF4BCAD05F005F85F283FF6B7ADAF
:1057E00021461320FDF764FF0322FA211120FDF763
:1057F00075FF1120FDF70AFF372004F0EBFF71E67B
:10580000FCF7F8FC054600287FF46CAE6379002BAA
:105810003FF49DAD04F060FF10F0800F4D4C0ED0B2
:1058200029461220FDF744FF0322FA211520FDF737
:1058300055FF1520FDF7EAFEA023A37087E504F0CD
:105840004BFF2030A07082E5FCF7D4FC0546002811
:105850007FF448AE6379002B3FF479AD04F03CFF50
:1058600020281FD829461520FDF722FF0322FA2100
:105870001220FDF733FF1220FDF7C8FE06F01CFCD6
:10588000C0F34004800703D50022324B9A705EE5D6
:10589000002320461A461946013403F067FA972C74
:1058A000F6D1F1E704F018FF2A4B203898704EE546
:1058B0006379002B3FF416AE04F0A4FE022805D154
:1058C0006B7823F020036B70FEF760FDFCF7B6FDEC
:1058D00008E66379002B3FF405AE04F093FE02283E
:1058E00005D16B7823F020036B70FEF74FFDFCF7BA
:1058F00083FDF7E52B78184A13F00E0318BF637980
:1059000003F00103B2E66379144C33E62360E9E562
:105910006379002B3FF4E6AD114B187800F003FCDF
:1059200002283FF4DFAD02207FE500BFF521002013
:105930005D210020ED21002000040040EA0D002040
:10594000E8210020EC2100205C210020E90D00204E
:10595000E4210020B9410020B4410020FC210020B6
:10596000392200206379002B3FF4BCADA8780021D8
:10597000C0F3C100FCF722FB0020AB7823F0180332
:10598000AB70FCF7E7FBFEF701FDA878C0F3C100A0
:10599000FCF702FC0020FEF787FCA3E56379002BEF
:1059A0003FF4A0ADA8780021C0F3C100FCF706FBCE
:1059B0000120AB7860F3C403AB70E2E76379002B9E
:1059C0003FF490ADA8780021C0F3C100FCF7F6FACF
:1059D0000220AB78EEE76379002B3FF483AD04F04F
:1059E00011FE2E287FF47EADFCF704FC614E0446C8
:1059F00090B9A878C0F3C100FCF7E2FB5E4B1C70C5
:105A000006F03AFD2246306021462046FCF782FB34
:105A10000320FEF749FC7AE50024A8780121C0F3B1
:105A2000C1003460FCF7CAFA2046F2E76379002B24
:105A30003FF458AD01226B7823F040036B704F4B5D
:105A40001A704FF480024E4B9A614E4B197811B187
:105A500000221A705BE5EB785A1C02F00F020C2A48
:105A600094BF62F3030361F30303EB704FE56379C3
:105A7000002B3FF437AD04F0C5FD2E28424C22D157
:105A8000FCF7B8FB68B1A878C0F3C100FCF762FB73
:105A9000A8780021C0F3C100FCF790FA0022364B31
:105AA0001A702879FF2808BF0D2004F0A7FDFEF723
:105AB0006DFC04F0EDFDC0F307232070C0F3074038
:105AC0006370A0700EE53148FCF7ECFBEFE76379FB
:105AD000002B3FF407AD0120FCF75EFC6B7843F030
:105AE00020036B7004F0D4FD274BC0F3072218701D
:105AF000C0F307405A70987009E5254B187800F0FC
:105B000012FB0228234B2BD16179234A1B78117099
:105B1000D9067FF51CACFCF76DFB00287FF417ACB1
:105B2000E3206379C3B100F0E5F910E4184B18786D
:105B300000F0F9FA0228174B12D1174A61791B7845
:105B40001170DA067FF503ACFCF754FB00287FF4F4
:105B5000FEABE7206379E5E700F0E2F9FFF7F7BB7A
:105B60001B78DB063FF5F3AB62790B4B1A70FFF73E
:105B7000EEBB00BFC4410020B8410020EA0D002068
:105B800000040040ED210020B9410020C041002068
:105B900039220020D6410020F321002010B5FDF766
:105BA00057F958B1FDF732FE03780D4C022B06D1A0
:105BB0000123237006F060FC0A4B186010BD2278A8
:105BC000094B5AB101221A70064B186806F098FC6E
:105BD000B0F5FA6FF2D900232370EFE71A70EDE702
:105BE000E0210020DC210020DB2100202DE9F04312
:105BF000854E074635788846A5B0CDB1834C2378CD
:105C0000412B00F2FD800022814D1046114603F029
:105C100019F9286806F074FC322805D906F02CFC26
:105C200023782860013323702078FFF7B5F9E3E08B
:105C30008A22784901A8FAF7B7FDDFF8DC9101ACB8
:105C40002278607802EB420209EB02018B7819F8A6
:105C500002204978013503F089F8452D04F102044A
:105C6000EED16E4C206848B106F04AFC40F6B833DD
:105C7000984203D9FFF70EFB00232360684D694C5F
:105C8000286858B106F03CFC42F21073984205D9DE
:105C9000237883F00103237000232B60624B1B7871
:105CA000002B40F08B80FCF7A5FA58BB5F4B1B78AC
:105CB000042B22D106F000FA5D4DC0F340002B7892
:105CC00098420FD006F0F8F9C0F34000287006F0B3
:105CD000F3F98107C0F3400304D41A46194606209D
:105CE00003F044F806F0E8F982070BD5FF230620FD
:105CF0001A46194603F03AF804E0FDF787FD0378E9
:105D0000022BD7D04B4DDFF83091287800F00BFAFA
:105D100002280ED0494A99F800301078C3F30011D8
:105D200088420B4605D0117019B90A46082003F0C5
:105D30001DF899F80030DB060AD5287800F0F3F951
:105D4000022805D0FF2308201A46194603F00EF852
:105D5000FCF7AEF890BB04F055FC1F282ED004F0E1
:105D600051FC2C282AD004F04DFC242826D004F025
:105D700049FC252822D004F045FC26281ED004F03A
:105D800041FC27281AD004F03DFC282816D004F046
:105D900039FC292812D004F035FC2A280ED004F052
:105DA00031FC2B280AD0264B9A78D878254B02F064
:105DB0000702197800F00F00FCF7A4FB23782BB141
:105DC000FF2309201A46194602F0D0FFFFF7E6FE2E
:105DD000FDF73EF810B11C4B1B780BB9FEF772FFB4
:105DE00041463846FDF794FCFFF76EF9FCF748FB97
:105DF0003378002B7FF402AF012025B0BDE8F0839B
:105E000000233370F8E700BFE80D00205421002084
:105E100050210020DBFD000825420020FC2100204D
:105E2000F8210020F2210020B4410020B4460020D7
:105E3000850C002039220020D6410020840C00204F
:105E4000BC410020E1210020DB21002004280DD8E6
:105E500005290BD80E2A09D85A23C1EB011103FBDF
:105E60000010034B024433F81200704701207047C2
:105E700084040108042808D839B9054B82F00102CE
:105E800002EB400033F8100070470120704700BF5C
:105E9000A0010108A0F58072B2F5F85F03461FD299
:105EA00013F4805F00F4007103F48062C0F30020FB
:105EB00003F400630AD0000109B140F020000AB1E8
:105EC00040F040006BB140F08000704709B140F0F5
:105ED00002000AB140F004001BB140F00800704716
:105EE0000020704710B50C46FFF7D4FF2346BDE8ED
:105EF00010401847A0F1E003072B10B5044600D965
:105F000040B920460449FFF7EDFFE0B2BDE810407C
:105F100000F080B90149F6E7656300088967000869
:105F200010B50446C0B200F0BDF9A4F1E003072BA0
:105F300000D92CB903492046BDE81040FFF7D2BF75
:105F40000149F8E7776300089B6700080120704764
:105F500008B5FFF7FBFF08BD704708B5FFF7FCFF6A
:105F600008BD000013B502AB03E903000F4B1B781B
:105F7000B3B99DF8053073B16AB100F055FD044620
:105F80000146009800F012FD2046009902B0BDE8DD
:105F9000104001F095BB009800F028FD0446F3E79F
:105FA000009800F041FD0099F0E700BF10220020AA
:105FB000034610B400885C880A4640EA0440998889
:105FC00010BCFFF7CFBF10B504460121FFF7F0FF6B
:105FD0002146FFF7BDFF10BD10B504460021FFF7B5
:105FE000E7FF2146FFF7B9FF10BD10B5012484403B
:105FF000E4B2204601F008F92046BDE8104000F068
:106000003CBC0120704708B5FFF7FBFF08BD10B589
:10601000044600F0E3FB2046FFF7F5FFBDE8104023
:1060200046F2A81007F03BBC08B50120FFF7EFFFD0
:10603000BDE8084006F07CBA08B50020FFF7E7FF8E
:10604000BDE8084006F09ABA38B501210546FFF7C9
:10605000AFFF2946044605F0BBFE002840D0294684
:106060002046FFF72BF9D8B32946204605F0BAFDA4
:10607000B0B32946204605F00FF988B329462046DB
:1060800005F0E4F860B32946204604F019FC38B363
:106090002946204605F0F4FD10B36B797BB147F635
:1060A0005A439C4223D00ED847F601439C421BD052
:1060B00047F603439C4215D0B4F5F84F0ED028465E
:1060C000FDF7BCF80DE047F65B439C4212D047F663
:1060D0005C439C42F3D101F065F8F0E7FFF7A4FFC1
:1060E000002038BD01F071F8FFF7A6FFF8E701F0D6
:1060F00065F8E4E701F065F8E1E708B5FEF7A0FA16
:1061000003F052FE00F032F8BDE80840012004F030
:1061100001BA08B500F02FF8002004F0FBF9BDE843
:106120000840FEF795BA0246030906BF1846134613
:1061300004209A081EBF13460230C0B25B081CBF81
:106140000130C0B2704701207047704738B505462E
:10615000FFF7F9FF044610B12846FFF7F6FF204687
:1061600038BD704708B5FFF7F1FF08BD08B500203E
:10617000FFF7F8FF08BD08B505F096FFFFF7F2FF3F
:1061800008BD000010B505F08FFF074B04461A78D4
:10619000824207D0187006F06FF9044B1860204651
:1061A000FFF7E0FF10BD00BF082200200C220020F6
:1061B0001FB56C4684E803009DF805300BB100F074
:1061C000F1FE0023ADF80E3094E80300ADF80C109A
:1061D000C9B2029002AC29B994E8030000F03CFE79
:1061E00004B010BD2046FFF7EEFE0028F4D1F7E71B
:1061F0000379012B02D1008800F036BC704708B546
:1062000029B105F0ADF9BDE8084005F087BA05F001
:10621000F9F9F8E710B50446002840D0031FDBB2B7
:10622000A02B0ED805F0C8FF20B1204606F04EF88E
:1062300000F050FF204606F02FF8BDE8104000F0B7
:1062400049BF00F12003DBB2072B07D800F0070499
:106250000120A040C0B200F07FFEEEE700F15B033A
:10626000DBB2022B05D8BDE81040243880B205F01F
:1062700043BF00F15803DBB21A2B06D8BDE810402B
:10628000074A32F8130005F053BF3334E4B2122C3E
:1062900005D805F065F9BDE8104005F03FBA10BD1E
:1062A0000808010808B50346A0B3021FD2B2A02A0D
:1062B00005D806F00BF8BDE8084000F00BBF00F170
:1062C0002002D2B2072A07D800F007030120984025
:1062D000C0B200F049FEEEE700F15B02D2B2022A42
:1062E00004D8BDE80840002005F006BF00F15802C0
:1062F000D2B21A2A04D8BDE80840002005F018BF21
:106300003333DBB2122B05D805F07CF9BDE8084029
:1063100005F004BA08BD000038B50C460546FFF785
:1063200079FF94B140F2E73309494FF47A72A4FB44
:106330000141E01841F100010023F9F757FF07F090
:10634000AEFA2846FFF7AEFF38BD0120F7E700BFE1
:10635000A086010008B539280CBF50210021FFF7A5
:10636000DBFF08BD08B528B100F0F6FDBDE8084028
:1063700000F0B0BE08BD08B528B100F0F5FDBDE8DD
:10638000084000F0A7BE08BD2DE9F8438779814693
:106390000C46457900F0D0FD3F09064608B32E466D
:1063A000FDB1C4F3072303F0F002402A0CD0E1B2A0
:1063B00001F12002D2B2072A25D903F0E003202BF5
:1063C00002D101291FD907B3A44B5E7816F0040649
:1063D00007D0022000F0B6FE00F0AEFD80F001060E
:1063E000F6B2C4F303330B2B3DD8DFE813F01000F3
:1063F000100054005400AE00C5003C003C00CA0030
:106400002C01400140010026EBE73E46E9E7C4F3DA
:106410000723C4F303270F2B88BF3F01E4B285B1E4
:1064200057B104F12003DBB2072B384600D92CB951
:1064300000F092FD00F04EFE20464CE000F0A2FD80
:10644000F8E72046FFF72EFF6FB104F12003DBB21F
:10645000072B384600D914B900F086FD01E000F0A2
:1064600099FD00F037FE002E00F0598100F05CFD30
:1064700010F0010040F0538189F8050000F04EFD56
:1064800000F02EFA484600F061F900F047FDBDE843
:10649000F84300F02FBAC4F3072303F0F003C4F36A
:1064A0000328202BE4B218BF4FEA08182CB1012CA6
:1064B00034D0002D3CD0DFB1BEE7684B5B78590784
:1064C00014D45DB1B8F1000F04D0404600F044FD93
:1064D00000F000FE0020FFF79DFEC4E72846FFF70E
:1064E000E1FEB8F1000FBED04046B5E755B11FB987
:1064F0004046FFF737FFB6E7012FB4D1404600F022
:1065000071FDB0E7002FAED14046FFF734FF4046A3
:1065100000F076FD404600F051FDA4E715B1052FCF
:10652000A1D8E5E7042F9ED84046FFF724FF9AE75D
:10653000002FF9D0392C0CBF4FF4FA50012007F08E
:10654000AEF92046FFF7AEFE8DE714F4406FC4F3BA
:10655000812307D0012B86D165B1C4F3090005F072
:10656000E7FD80E725B1C4F3090005F0C5FD7AE732
:106570002846FAE72846F2E72946E0B2FFF73FFE51
:1065800071E714F4407F2DD1F5B914F0100018BF55
:106590000F20C4F342134FEA8303DBB21CBF9840C1
:1065A000C04304F00F0202FA03F2C4F3812418BFBF
:1065B000C0B2D2B2022C40EA02000DD0032C0ED0A1
:1065C000012C06D000F064F905F06EFDFFF7CAFD5E
:1065D00049E700F055F9F7E700F062F9F4E700F059
:1065E0004CF9F1E7C4F301220DB3D207ECD514F056
:1065F000100318BF0F20C4F342124FEA8202D2B236
:106600001CBF9040C04304F00F0101FA02F1C4F333
:10661000812418BFC3B2C9B2022C43EA01000CD0D6
:10662000032C0DD0012C05D000F080F9CCE7012A15
:10663000CAD9DCE700F072F9C6E700F07FF9C3E7DA
:1066400000F03CF9C0E7E7B2C4F3032445B12046AB
:1066500000F046F93846FFF785FEB5E7D641002041
:106660003846FFF788FE204600F044F9ACE75FFAB1
:1066700084F8A8F1F003042B38D8DFE803F00321F5
:106680000D141D0035B1042F9ED8C4F3042000F072
:106690003BF999E7052FF7E7C4F30420002DE3D178
:1066A00000F01EF990E725B1C4F3042000F011F9C1
:1066B0008AE700F00BF987E71A4B5B785B0704D495
:1066C000C4F30420002DCFD0EAE72DB10321C4F399
:1066D000042000F015FD77E7012000F033FD012FC5
:1066E0007FF672AF022000F02DFD6DE73DB11FB1C6
:1066F0004046FFF78FFD67E7C4F30420D0E75FB1A2
:10670000B8F1390F0CBF4FF4FA50012007F0C7F869
:106710004046FFF7C7FD57E7C4F30420A4E7BDE8F0
:10672000F88300BFD641002038B50188044640797F
:1067300000F0A6F9054600F009F900F09DF8294699
:106740002046BDE83840FFF71FBE0000037910B5B2
:106750000446B3B1FFF778FC68B900F0EDFB80B1F7
:10676000637973B1074B5B785B070AD5BDE81040CE
:10677000022000F0E7BC2046FFF7D6FF2046FFF7D7
:106780002BFC10BDD641002008B528B100F0FAFB63
:10679000BDE8084000F09EBC08BD08B528B100F077
:1067A000F9FBBDE8084000F095BC08BD08B5002025
:1067B00005F0A2FC002005F0BBFC00F0F3FB00F0AC
:1067C00089FC04F0C7FFBDE8084004F0A7BF08B586
:1067D00005F096FDBDE80840FFF7E8BF08B500F0FA
:1067E000CBFBBDE80840FFF7F2BFC0F30333062B35
:1067F000C2B213D094BF0E33063303F00F03012B44
:1068000010D8F02A10D004D8E72A8CBF002001202D
:106810007047F42A14BF002001207047E72A03D9EB
:10682000F12AF7E7002070470120704708B50346BA
:10683000007930B1188800F017F9BDE80840FFF77B
:10684000D4BF08BD82B002AB03E9030002B07047B9
:1068500082B002AB03E9030002B07047704708B58D
:10686000FFF7FCFF08BD000008B5FFF7F8FF014B7C
:10687000187008BD392200207047FFF7F5BF0000EF
:10688000024B1B781843FFF7EFBF00BF39220020EF
:10689000024B1B781840FFF7E7BF00BF39220020EA
:1068A000024B1B785840FFF7DFBF00BF39220020A2
:1068B000704708B5FFF7FCFF08BD000008B5FFF7FB
:1068C000F8FF014B187008BD382200200020FFF7A8
:1068D000F5BF012303FA00F0C0B2FFF7EFBF0000DD
:1068E0000123034A834010781843C0B2FFF7E6BF84
:1068F000382200200123034A8340107820EA030055
:10690000FFF7DCBF382200200123034A83401078C0
:106910005840C0B2FFF7D2BF38220020024B1B788C
:106920001843FFF7CBBF00BF38220020024B1B7873
:106930001840FFF7C3BF00BF38220020024B1B786E
:106940005840FFF7BBBF00BF38220020704701F05E
:106950000703C90830B501EB4101012401390A449C
:1069600000219C40E4B212F8015F20FA01F343F3E6
:1069700000036B40234001315D4003291570F2D1C3
:1069800030BD002210B500F00704C00800EB400045
:10699000014410468B5CE34003F001039340013255
:1069A0001843032AC0B2F5D110BD000017B40C463D
:1069B000C1B2C0F3072005280BD80E290FD8C0EBB1
:1069C00000100144074A89B2204603B010BCFFF70B
:1069D000BEBF031DDBB2012B01D8034AF4E703B0AD
:1069E00010BC70471422002011220020C3B2C0F353
:1069F0000720052882B009D80E2B0ED8C0EB001056
:106A00001844074980B202B0FFF7BBBF0430C0B2E0
:106A1000012802D818460349F5E7002002B0704764
:106A2000142200201122002073B504240C4BADF871
:106A300004001E780B4B1B781E4346FA04F3DB0759
:106A400005D4013CF9D20025284602B070BDE5B25C
:106A50002846019900F051FE80B20128F1D0F3E7F9
:106A6000382200203922002007B5ADF80400019833
:106A7000FFF7DAFF019903B05DF804EB00F03DBECB
:106A800013B5104BADF804101B782BB1019802B070
:106A9000BDE81040FFF7E8BF70B10198FFF7C4FFF1
:106AA000044601460198FFF781FF2046019902B094
:106AB000BDE8104000F021BE0198FFF797FF0446A3
:106AC000F3E700BF1022002010B5012404FA02F2FF
:106AD00004FA01F11143CAB20140914204FA03F4ED
:106AE00006BF2043C0B2A04310BD000008B5134646
:106AF0000A46014603480078FFF7E6FFBDE8084074
:106B0000FFF7DCBE38220020F8B50C4B0C4E1C7889
:106B10000C4D3378A34200D1F8BD05EBC40335F822
:106B200034005F889A88D98840EA074042EA0141E8
:106B30000134FFF78DFE04F00704EAE73A22002053
:106B40003B2200203C220020064B10B418885C88B1
:106B50009A88D98840EA044042EA014110BCFFF714
:106B600077BE00BF7C220020194AF8B593790F2B1D
:106B70000AD8537943B1174B17491B780D781688FB
:106B80005788164CAB4200D1F8BD04EBC30108791D
:106B9000D0B134F83300B04216D14879A0B9488852
:106BA000C01B80B2C7280FD80120937960F3071368
:106BB00093718B7960F3071305488B71FFF7C6FD5E
:106BC000BDE8F840FFF7A0BF013303F00703D9E7A2
:106BD0007C2200203A2200203B2200203C22002080
:106BE000F0B50D4B0D4C1B7826780D4CB34201D1FE
:106BF0000020F0BD04EBC3056F788F4206D114F876
:106C00003370874202D16D79954203D1013303F08D
:106C10000703EBE70120ECE73A2200203B220020AB
:106C20003C2200202DE9FF47E9460446894D0146F4
:106C300006224846F9F7B8FD2B7994F80080617870
:106C40006779B4F802A02279C3B9002A00F0C7809E
:106C5000002F00F0F6802046FFF7E8FD002800F046
:106C6000F080082221462846F9F79EFD2846FFF7C6
:106C7000BFFAFFF779FFFFF767FFB0E06B886E7927
:106C8000AAEB03039BB2002E00F0AB80C72B00F2EF
:106C90008480002A00F0A380AB7928880F2B2288FB
:106CA0004ED8904211D1002F45D1012262F3071333
:106CB000AB71FFF749FF2846FFF748FDAB79A37199
:106CC0000025284604B0BDE8F087A7BB3A464046F9
:106CD000FFF786FF4046FFF783FF05460028EFD108
:106CE0000098FFF7C1FEC0F30332032AC3B208D8ED
:106CF000012A10D910F4706F12D0A2790F2A0FD880
:106D0000DFE7063202F00F02012A0ED92046FFF714
:106D10001DFD3546D5E710F4706F01D0002BD0D0A3
:106D20002033DBB2072BCCD9F0E7EF2BC9D90F33D7
:106D3000DBB2022BF7E7AB7943F00103AB71BFE79E
:106D400090420AD14FB92046A371FFF7FFFC0822F9
:106D500021462846F9F728FD8DE72046FFF766FD16
:106D600000286ED0002F6CD0AB791F2B0FD92A884A
:106D700002A8ADF808202A79ADF80AA08DF80C20F9
:106D800000228DF80E308DF80D20FFF7DFFC082271
:106D900021463048F9F708FD6BE7AB790F2B0ED889
:106DA00099E80300FFF74EFD2846FFF7CFFC0822C5
:106DB00000212846F9F760FBFFF7C6FE80E772B1B5
:106DC000298822889142C8D1002FC6D12046A371BC
:106DD000FFF7BCFC082239462846F9F74DFB012590
:106DE0006FE7C72B31D8002AF9D057B32A882388F8
:106DF0009A421DD1AB79DA0714D40F2B12D9A371A3
:106E000003F0F003F02B06D0A379C3F30312013291
:106E100062F30713A3712046FFF798FC082221466E
:106E20000C4897E7082221460A48F9F7BDFCD6E747
:106E30002046FFF7FBFC0028A9D1AB7943F0010302
:106E4000AB712046FFF782FCC9E799E80300FFF722
:106E5000F9FCACE77C220020F0B585B06C4684E8F4
:106E600003002046FFF7DEFE284F0646284D68B196
:106E70009DF804301BB194E80300FFF7E9FC254CB2
:106E800028783B78834226D105B0F0BD02AB94E868
:106E9000030083E803009DF8041038782A7800295D
:106EA000EDD0441C04F0070494420AD01946194B53
:106EB000082203EBC000F9F777FC3C70FFF724FED3
:106EC000DDE7FFF78BFC0822314613483E702E7039
:106ED000F9F7D2FAD3E704EBC000FFF7A3FE0028CE
:106EE000D2D02B7834F8330004EBC3035E889A8841
:106EF000D98840EA064042EA0141FFF7A9FC2B7815
:106F0000013303F007032B70BAE700BF3B220020D8
:106F10003A2200203C2200207C220020014B1878DD
:106F2000C0087047AC220020024B187800F0070020
:106F3000704700BFAC220020034B187810F0070008
:106F400018BF0120704700BFAC220020014B187809
:106F5000704700BFD8220020024B1A7810431870E7
:106F6000704700BFD8220020024A137823EA0003AA
:106F700013707047D82200200022014B1A7070470E
:106F8000D8220020024B1A7810431870704700BFB7
:106F9000D7220020024A137823EA000313707047B7
:106FA000D72200200022014B1A707047D722002000
:106FB000704708B5FFF7FCFF08BD000008B5054A9B
:106FC0001378034204D023EA00001070FFF7F1FFAA
:106FD00008BD00BFAD220020704708B5FFF7FCFFD9
:106FE00008BD000010B505490B7830EA030403D052
:106FF00003430B70FFF7F1FF10BD00BFAE2200206E
:1070000008B5054A1378034204D023EA0000107043
:10701000FFF7E3FF08BD00BFAE22002008B5044B18
:107020001A781AB100201870FFF7D7FF08BD00BF0B
:10703000AE22002010B5084B1C78084B1B781C436F
:10704000074B1B782BB11C4305F08EF808B1FFF7F6
:10705000E5FF204610BD00BFD8220020D722002027
:10706000AE22002038B50B4C2568FFF7E3FF2870EF
:107070002468082220460849F9F752F948B1214608
:1070800008220548F9F790FB2046BDE8384005F096
:1070900017B838BD14100020A422002038B50B4CBE
:1070A0002568FFF7C7FF687024682022204608493A
:1070B000F9F736F948B1214620220548F9F774FB63
:1070C0002046BDE8384005F003B838BD1010002058
:1070D00084220020054B1B7833B1054B93F9003017
:1070E000002B01DAFFF7DABFFFF7BCBF3810002032
:1070F000D6410020704708B5FFF7FCFF08BD00002F
:10710000094A10B5527852070AD5084C41EAC00125
:107110002170FFF7E5FB2078C008FFF7ECFF10BDFA
:10712000BDE81040FFF7DCBBD6410020AC220020B8
:10713000002008B5024B1870FFF7DDFF08BD00BF47
:10714000AC22002008B50A4A137823EA0000107028
:1071500042070CD198420AD0064B5B785B0706D5F4
:10716000C008FFF7C7FBBDE80840FFF7E1BF08BD57
:10717000AC220020D6410020094A08B55378C3F359
:10718000800181420AD060F382035370108800F0BE
:1071900042F8BDE808400220FFF7D4BF08BD00BF99
:1071A000D6410020044B5878C0F3800080F00100E5
:1071B00000F00100FFF7E0BFD64100200120FFF7FB
:1071C000DBBF0020FFF7D8BF704708B5002000F0F4
:1071D0007DFDBDE808404FF6FF71002000F058BD6E
:1071E00008B5002000F0EDFC4FF6E563984203D1AE
:1071F000BDE8084004F084BD002008BD022000F076
:10720000D1BC032000F0CEBC0146032000F032BD0B
:10721000042000F0D6BC0146042000F039BD0F2048
:1072200000F0DEBC01460F2000F040BD08B5002094
:10723000FFF7F8FFFFF7C8FF08BD01460E2000F07A
:1072400019BD000007B5002000F040FD4FF6E561D4
:10725000002000F01DFD0021022000F00BFD0121A7
:107260001D4B0320197000F005FD4FF4A0510420C0
:1072700000F00EFD0021062000F0FCFC002107209C
:1072800000F0F8FC0021082000F010FD0021232070
:1072900000F0F0FC00210C2000F0ECFC00210D209F
:1072A00000F0E8FC002300226846CDE90023172106
:1072B000082200F0C5FC00211F2000F0F7FCFAF7BF
:1072C000CBFF002004F034FD04F061FDFFF7AEFFBA
:1072D00003B05DF804FB00BF39220020FFF7B2BF06
:1072E00073B505F001F90B4D04462B8883420ED08F
:1072F0000026ADF8006005F0F7F8ADF80460ADF8D1
:10730000020002AB13E90300FEF752FF2C8002B02B
:1073100070BD00BFDA220020014B186805F0F0B8FC
:10732000E422002008B505F0A7F8024B1860024BD4
:10733000186008BDE4220020E022002008B505F016
:107340009BF8024B1860024B186008BDE422002035
:10735000DC2200207047704708B5FFF7FCFF08BD2E
:10736000704701207047000008B5054800F0BAFAE0
:1073700000F0AAFCFFF7EEFFFFF7EEFF08BD00BF2D
:10738000DD7800080120704708B5FFF7FBFF08BD56
:1073900008B5FBF78FFEFDF725FD08BD08B5FFF723
:1073A0001FFF08B9FFF79AFFFFF728FF084B187077
:1073B000FFF72EFF074B188003F024FDFFF721FF96
:1073C000FFF75BFA044B1878BDE80840FFF771BA85
:1073D000E8220020D64100203822002008B505F020
:1073E00049F804F0E4FC03F005FB00F03FFBFFF775
:1073F000D5FFFEF7B6FE03F067F8054B1A7842F0AA
:1074000080021A701888FFF706FFFDF7B1FE08BD6D
:10741000D64100202DE9F04F85B0FFF7A2FF78B9E3
:10742000FFF75EFF02F0C0FC03F03AFB08B1FFF784
:1074300085FF04F0B7F905B0BDE8F04FFEF7A2BE36
:10744000DFF8C08000F02CFB46460024E0B236F89E
:10745000025B00F063FA052C50D0854204F1010470
:10746000F4D0294B1B789B0701D500F05DFAFFF79C
:107470008BFF002701905FFA87F9484600F04EFA2B
:1074800038F8026B0546B04232D000244FF0010AB2
:107490004640B6B216EA0A0F20D0019B15EA0A0F41
:1074A00014BF4FF0010B4FF0000B93B18DF8084063
:1074B0008DF8099005F018F84FF00103ADF80A00B7
:1074C0008DF80C308DF80DB002AB93E80300FEF799
:1074D0006FFE5A462146484601F070FD0134E4B281
:1074E0004FEA4A030F2C1FFA83FAD3D128F8025C23
:1074F0000137062FBFD1FFF715FF93E78542B0D1C3
:107500008EE700BFCA410020E822002038B500F015
:10751000FFF8B0F5A44F044643D2B0F5A04F80F079
:10752000AE80DF2816D8CC2800F28C80A7280AD895
:10753000A42879D8012804D0031F9BB2A12B28BF0F
:107540000024204638BDA0F1A8039BB21A2B71D9A4
:107550000024F6E7B0F5804F19D2B0F5005F80F057
:107560009D80E728EDD9A0F580739BB2B3F5F85F55
:10757000EED2C0F3072000F04FF90546E0B200F06C
:10758000C7F82D0205F4F85540EA050450E0C0B2F2
:1075900000F0BEF804F47064204340F4204084B24C
:1075A000CFE7B0F5A54F22D245F25F23984253D8DA
:1075B00045F23F2398420FD845F21F23984244D802
:1075C000012300F00304C0F38502A34043EA421301
:1075D00043F40D439CB2B4E7012300F00304C0F36D
:1075E0008202A34043EA421343F40C43F2E745F21C
:1075F000BF2398420AD845F29F23984200F01F000B
:1076000035D84AF2F40343EA00249AE7A0F5A543EB
:10761000403B9BB21F2B9BD8040204F4F85444F463
:10762000204444F0F0048CE7A0F1240444F48044A6
:10763000A4B286E7214B5834E4B233F8144044F442
:1076400088447EE740F4A044F2E74AF2F10300F0F8
:107650001F0443EA042474E7012300F00304C0F389
:107660008202A34043EA421343F40A43B2E700F024
:10767000D3F8040204F4F85444F4005461E700F031
:107680001F0000F0C9F8C306C4F3431448BF00014B
:10769000240200B2044344F41044C9E7C0F30420B8
:1076A00000F0BAF80546E0B200F032F82D0205F419
:1076B000F855054345F40055ACB242E73E080108D1
:1076C000CBB2C1F30721052982B005D80E2B11D802
:1076D0001A4602B003F015BDFD2905D153B90122A8
:1076E000194602B003F01ABDFC2903D113B91A469A
:1076F0001946F6E7002002B0704707B5ADF8041050
:107700000199FFF7DDFF03B05DF804EBFFF7FEBE64
:10771000E7284FD8DF2807D8312864D00ED8292889
:1077200057D02A2866D07047A0F1E003072B41D834
:10773000DFE803F01540232831403C41392804D0CC
:10774000822802D035283FD07047324B1A789207F2
:107750001FD15B7813F0080F18BF292070472D4AFE
:107760001378D9074DD4527812F0010F22D013F0BC
:10777000100F14BF0020E3207047264B1B7813F036
:10778000040FF3E7234A137859073CD45278D20701
:10779000EDD5E02070471F4B5A7891070AD51B782A
:1077A00013F0100F14BF0020E7207047194B1B780F
:1077B0001A07F5D47047174A1378190725D4527859
:1077C0009107EDD5E4207047124B1B7813F0200F82
:1077D000C2E7104B1A78920619D45B7813F0080FA1
:1077E00018BF392070470B4B1B7813F0400F18BFA0
:1077F0002A207047074B1B7813F0400F18BF312029
:10780000704739207047E2207047E62070473520E6
:10781000D0E700BFD641002010B52F4C21784B0790
:1078200013D500F01402A2F1040C00F01803DCF1EF
:10783000000242EB0C02A3F1080CDCF1000343EB65
:107840000C039A4218BF80F00C000B0713D500F010
:107850001402A2F1140C00F01803DCF1000242EB58
:107860000C02A3F1180CDCF1000343EB0C039A4269
:1078700018BF80F00C006478E30713D500F0110204
:1078800002F1FF3C00F01803DCF1000242EB0C02B5
:10789000A3F1080CDCF1000343EB0C039A4218BF80
:1078A00080F00900A30711D500F0110200F01803C1
:1078B000A2F111046242A3F1180C6241DCF1000351
:1078C00043EB0C039A4218BF80F00900CB0648BF77
:1078D00000F0E70010BD00BFD64100200020704737
:1078E00000207047014B1860704700BF181000203F
:1078F00008B5FDF7CFFB08BD704708B5FFF7FCFFE3
:1079000008BD0000044B33F8102001238B401A42BD
:1079100014BF012000207047E4410020014B33F8E0
:1079200010007047E441002070474FF4346005F0C8
:107930002FBE00BF00BF00BF00BF00BF00BF00BF21
:1079400000BF00BF00BF00BF00BF00BF00BF00BF3F
:1079500000BF00BF00BF00BF00BF00BF00BF00BF2F
:1079600000BF704708B5FFF7E0FF08BD08B530233A
:1079700083F31188012100F00F039940202220F0A9
:107980000F0007F03FFA002383F3118808BD0000C1
:1079900038B50F240B4D55F8040B421C01D0FFF7EE
:1079A000E5FF013C14F0FF04F5D10624064D55F81F
:1079B000040B431C01D0FFF7D9FF013C14F0FF0476
:1079C000F5D138BD74080108B00801082DE9F84365
:1079D000DFF89080054658F821300E465C1C1746AB
:1079E0003ED0302282F31188012223F00F0903F0E8
:1079F0000F0302FA03F421464846240407F002FA72
:107A0000C9F81840002484F31188FFF792FF6FEA49
:107A1000070EDFF854C0A91E0A355CF8042B31F8B4
:107A2000023F501C19D022F00F00006902F00F0233
:107A300020FA02F2D20710D401243B438D420B807E
:107A4000EBD158F82600431C01D0FFF78FFF2146E9
:107A50003046BDE8F843FFF785BF03EA0E03EDE7C4
:107A6000BDE8F88374080108B008010810B50C24BB
:107A7000FFF78EFF224600210748F8F7FDFC22465B
:107A800000210648F8F7F8FC062000F039F8BDE8B8
:107A90001040FFF72DBF00BFE4410020D841002077
:107AA00030B50024012585B00194029403942A4640
:107AB000E1B201A80134FFF789FF6D000F2CADB2D0
:107AC000F5D10C220C4801A9F8F72AFC002814BFB4
:107AD0000124002404D00C22074801A9F8F764FE11
:107AE000234606220549044800F00CF80446FFF737
:107AF00004FF204605B030BDD8410020E4410020FD
:107B0000704700002DE9F84307460E4615461C460F
:107B1000DFF850804BB1012388F8003004F0ACFC52
:107B2000114B18600020BDE8F88398F80090B9F177
:107B3000000FF7D00C4B186804F0E2FC0728F1D9CD
:107B40006D002A4639463046F8F7EAFB28B12A4646
:107B500039463046F8F728FE4C460023204688F880
:107B60000030E0E7F0220020EC220020FFF752BCBA
:107B700008B504F043FC05F083F8FFF7F5FB05F0CA
:107B800081F8FFF72BFC05F093F805F097F8FFF765
:107B9000EDFF05F095F805F04DF803F0D7F9FFF784
:107BA000F7FBF2E7002307B5014601220DF10700BC
:107BB0008DF8073000F08CF89DF8070003B05DF8F1
:107BC00004FB002307B5014602220DF10600ADF8C3
:107BD000063000F07DF8BDF8060003B05DF804FB48
:107BE00007B50422002301460DEB0200019300F0CB
:107BF0006FF8019803B05DF804FB07B501228DF81A
:107C0000071001460DF1070000F067F803B05DF8BA
:107C100004FB07B50222ADF8061001460DF106007F
:107C200000F05BF803B05DF804FB07B50422019196
:107C300001460DEB020000F050F803B05DF804FBC4
:107C4000F8B505461446D31D23F0070300AFADEB8E
:107C5000030D68460E4600F03BF82246694628466A
:107C6000F8F75EFB20B122463146284600F035F891
:107C7000BD46F8BD38B50C460546FFF793FFA04258
:107C800005D021462846BDE83840FFF7B6BF38BDCD
:107C900038B50C460546FFF794FFA04205D02146B3
:107CA0002846BDE83840FFF7B4BF38BD38B50C46AC
:107CB0000546FFF795FFA04205D021462846BDE8BE
:107CC0003840FFF7B2BF38BD00F012B900F038B845
:107CD0000B460146184600F04DB80B4601461846C3
:107CE00000F09AB808B5064B4FF4805218460021B0
:107CF000F8F7C2FB41F2080200F580531A6008BD94
:107D0000F822002010B5054C23792BB900F069F951
:107D100008B10120207110BD0220FCE7F8320020DC
:107D200010B5064C237933B100F065F910B100238A
:107D30000120237110BD0220FCE700BFF8320020B3
:107D400038B5FFF7DFFF044618B9FFF7E9FF204613
:107D500038BD00F048F90546FFF7C4FF012C06D1F5
:107D6000FFF7DEFF00280CBF002505F001052C46BB
:107D7000EDE7000008B5034608469918B1F5805FA5
:107D800005D804491944F8F70FFD012008BD00206B
:107D9000FCE700BFF822002038B500F024F90446C3
:107DA00010B3FFF7AFFF4FF40072054612490020F1
:107DB00000F03EF9044678B10DA3D3E900234FF457
:107DC00080510D4802F0DCFD02460B464FF4805016
:107DD00000F067F94400E4B2012D01D1FFF7A0FFE4
:107DE00041F20802054B1A60204638BDAFF300800F
:107DF00025232284E49CF2CBF8220020F8320020D4
:107E0000044B1B68B3F5005F01D3FFF7C5BF01202A
:107E1000704700BFF83200202DE9F04F8318B3F50A
:107E2000805F04460E46154685B01ED82F4F00EBE6
:107E3000070841463046F8F773FA002845D02A462D
:107E400031464046F8F7B0FCFFF75CFF834650B17F
:107E50004FF000084FF0000907F5805755B9FFF7BC
:107E6000CFFF034637E0FFF75BFF0023184605B05E
:107E7000BDE8F08F052DAA4628BF4FF0050AC4F3D0
:107E8000024343EACA03CDE9028952468DF808301D
:107E90003146230A0DF10B008DF809308DF80A40A8
:107EA000F8F782FCDDE90223386800F0FAF888B1BF
:107EB0003B6808333B60FFF7A3FF0128034606D168
:107EC000A5EB0A0554445644C8E70123CEE710F059
:107ED000FD0F00D00023BBF1010FC7D10193FFF7C5
:107EE0001FFF0028C1D0019BC0E700BFF82200207F
:107EF0007FB5FFF7F7FE00F06FF828B9FFF7F2FE45
:107F00000024204604B070BD4FF4007200203049B8
:107F100000F073F82E4D002843D02BA3D3E90023A3
:107F20004FF48051284602F02BFD06460C464FF4D4
:107F3000805002A900F079F8DDE902239C4208BFD5
:107F4000964201D0FFF7CEFE41F208046946204672
:107F500000F06BF848B3DDE9003253EA02011ED0AD
:107F600013F0C00FCDE9023204F10804D9B21BD1DD
:107F700003F47F40C3F3074318430B0403F4E023E7
:107F80001843CA0800EBD101B1F5805F0CD80DF1A0
:107F90000B012844F8F708FCB4F5005FD6D10120A6
:107FA00003E0FFF79FFEA9E700200A4B1C6038B9E9
:107FB000FFF7F2FE04460028A3D1FFF793FEA0E7E7
:107FC000FFF71EFFF6E700BF25232284E49CF2CBD7
:107FD000F8220020F832002008B500F0E3F8012074
:107FE00008BD0120704708B5002000F0DDF8B0FAA8
:107FF00080F0400908BD0120704738B5D5002A46F9
:108000000C4600F0EEF818B921462544A94203D1E8
:10801000B0FA80F0400938BDD1E90023D243DB43F8
:1080200041F8082B41F8043CF0E70122FFF7E5BFD7
:108030002DE9F0430646884615460027C1B06B4639
:10804000202DAE4628BF4FF0200E1C469C4608EB64
:10805000C702774408EBC7094A4511D1002474458B
:1080600013D14FEAC4094A466146304600F0D7F8BA
:10807000A8B92D1B4E44E2D1012041B0BDE8F083E8
:10808000F2E80201E4E80201E6E7D3E90002C043B6
:10809000D24343F8080B43F8042C0134DFE70020F7
:1080A000EBE707B5CDE9002369460122FFF7C0FFE2
:1080B00003B05DF804FB00000022082311460148CC
:1080C00004F09ABA0C08004008B5FFF7F5FF30B18C
:1080D000062004F0D1FA04F007FB002008BD4FF0A1
:1080E000FF30FBE7F7B51F464BBA090C06461546AD
:1080F0008DF80400ADF806308DF80510FFF7DCFFB1
:10810000E8B104210DEB010004F0DAFA044648B9A5
:1081100045B1022E0BD0032E0ED12846B9B204F081
:10812000D9FA044604F0E0FA204603B0F0BD284630
:10813000B9B204F0C5FAF4E74FF0FF34F2E74FF0BC
:10814000FF34F1E710B5FFF7B7FF88B1052004F061
:1081500093FA04F0A3FA044604F0C6FA002C05DBF7
:1081600014F0010F0CBF00246FF00304204610BD73
:108170004FF0FF34FAE710B5044604F07DF94FF4F0
:108180007A7303FB040404F077F9A04204D2FFF7EA
:10819000D9FF031DF7D010BD6FF00100FBE70120F0
:1081A000FFF7E9BF04F0EEB900F58033B3F5002F17
:1081B00010B5044612D283B283B9FFF7F0FF78B945
:1081C000FFF782FF60B9034602462146D820FFF739
:1081D00089FF28B9BDE81040FFF7E1BF4FF0FF303D
:1081E00010BD2DE9F04107460D461646FFF7D7FFB3
:1081F0000446804638B1324600212846F8F73CF95B
:108200002046BDE8F08133462A4639460320FFF771
:1082100069FF04460028F3D032464146EDE72DE9D8
:10822000F04107468846164676B9FFF7B8FF044680
:1082300038B9FFF741FF20B3042004F01DFA04F021
:1082400053FA2046BDE8F081FDB2C5F58075B54210
:1082500028BF3546FFF7A3FF04460028F1D1FFF7FA
:1082600033FF04460028ECD12B4642463946022013
:10827000FFF738FF04460028E3D1A8442F44761BBB
:10828000D2E74FF0FF34DCE730B510F47F4F85B014
:108290000190C0F30725C0F307420DD109B1304B5F
:1082A0009A5C13461146002063F3070061F30F2028
:1082B00062F3174005B030BD9DF80440002937D067
:1082C000274B995C0620FF2360435A1BB0FBF3F059
:1082D0006FF05403434303EB440303EB4303DBB26C
:1082E00003FB05F4C3F1FF036B4324121B12C4F11B
:1082F000FF04C3F1FF034A434C434B43C2F307223D
:10830000C4F30724C3F30723C9B2062824D801A560
:1083100055F820F0A7820008358300083B83000849
:10832000458300084F83000859830008A78200088E
:108330001146C7E70B462146B5E718460B461146DE
:108340000246B0E70B4611461A462346ABE71846ED
:1083500013460A460146A6E713462246A3E700BF96
:10836000E0080108012184B004B0FFF78DBF0128A7
:1083700030B501D8C0B230BDB0F5F75F88BFFF227D
:108380004FF001049EBF42090832D2B2A31859101F
:10839000C3F34705C3F34F035B439BB2984206D236
:1083A000013DEAB29442F1D9013CE0B2E3E7FF2992
:1083B00002D00135ECB2F5E70846DCE7074B188838
:1083C00000EB402200EB820000F55850193080B2DB
:1083D000188000EB1020C0B2704700BF22100020B0
:1083E00010F0400216BFC3430346DBB210B503F0E2
:1083F0000F0102B10131094CC3F3011304EB430235
:10840000527814F813304A4303EB2213DBB202060E
:1084100044BF5B42DBB283F0800010BDC808010896
:10842000144B84B003EB4103E421019093F85A30DC
:10843000C0F307204B43C2EB13231C33002BB8BF00
:108440005B42A0EBC3031BB223EAE3734343002068
:108450001B128DF80530019BDAB262F30700C3F3FB
:10846000072262F30F20C3F3074363F3174004B0FE
:10847000704700BFEE0D0020144B84B003EB4103A6
:10848000E421019093F85A30C0F307404B43C2EB0C
:1084900013231C33002BB8BF5B42A0EBC3031BB2FA
:1084A00023EAE373434300201B128DF80630019B3F
:1084B000DAB262F30700C3F3072262F30F20C3F3BB
:1084C000074363F3174004B0704700BFEE0D002070
:1084D00084B0019000208DF80420019BDAB262F391
:1084E0000700C3F3072262F30F20C3F3074363F3CC
:1084F000174004B07047000084B0019000200B4B7F
:1085000003EB410393F85A309B1A8DF80430019B1A
:10851000DAB262F30700C3F3072262F30F20C3F35A
:10852000074363F3174004B0704700BFEE0D00200F
:1085300084B0019000200B4B03EB410393F85B30B8
:108540009B1A8DF80430019BDAB262F30700C3F383
:10855000072262F30F20C3F3074363F3174004B00D
:10856000704700BFEE0D002030B5134B85B02C31A5
:10857000019003EB4104E57803EB4103A5F12004EE
:1085800064B29B78002CBCBFC5F120056CB29A1A6E
:108590002244C0B210448DF804000020019BDAB2DE
:1085A00062F30700C3F3072262F30F20C3F307430C
:1085B00063F3174005B030BDEE0D002084B001908C
:1085C00000209DF8102003EB430302EB53038DF8CA
:1085D0000430019BDAB262F30700C3F3072262F3AF
:1085E0000F20C3F3074363F3174004B070471FB570
:1085F00092B2019048B2002802FB02F2BCBF49428D
:1086000048B2C0F1380000FB002080B21C46FFF7E2
:10861000AEFE00EB4000044400208DF80440019BB6
:10862000DAB262F30700C3F3072262F30F20C3F349
:10863000074363F3174004B010BD000084B00190FD
:1086400003F12C00104B03EB4003D8789B782038C3
:10865000703B4B4302FB003200209DF80430002A9F
:10866000B8BF7F3203EBE2138DF80430019BDAB21E
:1086700062F30700C3F3072262F30F20C3F307433B
:1086800063F3174004B07047EE0D002084B00190F2
:1086900003F12C00104B03EB4003D8789B78203873
:1086A000703B4B4302FB003200209DF80430002A4F
:1086B000B8BF3F3203EBA2138DF80430019BDAB24E
:1086C00062F30700C3F3072262F30F20C3F30743EB
:1086D00063F3174004B07047EE0D00201FB5164C31
:1086E0002C33019004EB4304E378A478203B5343FC
:1086F000A4F1700252B2002ABCBFC4F1700462B28D
:10870000C2F1380201FB023111EB410148BF7F3158
:10871000C0B200EBE1108DF804000020019BDAB23A
:1087200062F30700C3F3072262F30F20C3F307438A
:1087300063F3174004B010BDEE0D002030B50D46B8
:1087400085B00190C4B21046FFF74AFE124901EB12
:10875000450191F85A30C218D2B2A2F180035BB23F
:10876000002BBCBFC2F1800253B20C2200205B0080
:10877000DBB2534304EB13248DF80440019BDAB2BF
:1087800062F30700C3F3072262F30F20C3F307432A
:1087900063F3174005B030BDEE0D0020114B84B0DF
:1087A000019003EB410393F85A10C0B28B1A5BB2ED
:1087B000002BBCBF521A53B21822DBB2534300EB5A
:1087C00013208DF804000020019BDAB262F3070049
:1087D000C3F3072262F30F20C3F3074363F3174089
:1087E00004B07047EE0D0020C94384B00190C9B2B7
:1087F000C0F307404143002009128DF80610019B89
:10880000DAB262F30700C3F3072262F30F20C3F367
:10881000074363F3174004B07047C94384B0C1F302
:1088200085010190014400208DF80410019BDAB20B
:1088300062F30700C3F3072262F30F20C3F3074379
:1088400063F3174004B0704784B003EB8302BDF8B4
:108850001030019013449BB2FF2B28BFFF23DB4352
:10886000C0F30740DBB20344FF2B28BFFF230020E7
:108870008DF80630019BDAB262F30700C3F30722DA
:1088800062F30F20C3F3074363F3174004B070474C
:1088900000291FB5B8BF4942002AB8BF524209B2E9
:1088A000090112B2FF294FEA0212A8BFFF21FF2AD5
:1088B000A8BFFF22BDF8184009B2234412B29BB2F0
:1088C0009142D4BF5B189B189BB2FF2B28BFFF239C
:1088D000DB430190DBB2C0F307400344FF2B28BF0A
:1088E000FF2300208DF80630019BDAB262F3070007
:1088F000C3F3072262F30F20C3F3074363F3174068
:1089000004B010BD1FB5482B0190C0F3074030D80C
:10891000BDF81840E31A9BB2FF2B28BFFF23083194
:1089200089B2102905D902F1080189B2112928BF9D
:10893000FF23DB43DBB21844002AB8BF0332FF2811
:1089400028BFFF208DF8060000200B49497801EB75
:10895000A2028DF80420019BDAB262F30700C3F390
:10896000072262F30F20C3F3074363F3174004B0F9
:1089700010BDFF23D3E700BFF041002084B0BDF855
:108980001020C0F30741D31A9BB2FF2B28BFFF234F
:10899000DBB2DA43D2B21144FF2928BFFF21019094
:1089A000034400208DF804308DF80610019BDAB2E4
:1089B00062F30700C3F3072262F30F20C3F30743F8
:1089C00063F3174004B0704784B0BDF810200190E5
:1089D000D31A9BB2FF2B28BFFF23DB43C0F3074012
:1089E000DBB20344FF2B28BFFF2300208DF80630A5
:1089F000019BDAB262F30700C3F3072262F30F2090
:108A0000C3F3074363F3174004B07047024B1A786F
:108A100010431870704700BF02350020012310B5C5
:108A2000044C0822172104482370FFF751F9002352
:108A3000237010BD02350020F041002010B504461F
:108A400010B9C90FC80110BD80EAE072A2EBE07254
:108A500012B2002901EB02030CDB891A490191FBD8
:108A6000F3F1C1F120014BB2D8B2002CBCBF40429F
:108A7000C0B2E8E75B01521A93FBF2F3C3F1600363
:108A80005BB2F1E730B5C0F3072585B0EB1A019072
:108A90001046DCB2FFF7D2FFC0EB801300EB83007F
:108AA00004440020E4B26C4324128DF80540019B7D
:108AB000DAB262F30700C3F3072262F30F20C3F3B5
:108AC000074363F3174005B030BD30B5C0F3074529
:108AD00085B0EB1A01901046DCB2FFF7AFFFC0EB98
:108AE000801300EB830004440020E4B26C432412A2
:108AF0008DF80640019BDAB262F30700C3F3072248
:108B000062F30F20C3F3074363F3174005B030BD92
:108B100030B585B0C0F3072501909DF820001C1AE0
:108B20001046FFF78BFF2C44E4B2241A0020E4B275
:108B30006C4324128DF80540019BDAB262F3070002
:108B4000C3F3072262F30F20C3F3074363F3174015
:108B500005B030BD30B585B0C0F3074501909DF834
:108B600020001C1A1046FFF769FF2C44E4B2241AB7
:108B70000020E4B26C4324128DF80640019BDAB267
:108B800062F30700C3F3072262F30F20C3F3074326
:108B900063F3174005B030BD1FB5019010461C4669
:108BA000FFF74CFF031900208DF80430019BDAB267
:108BB00062F30700C3F3072262F30F20C3F30743F6
:108BC00063F3174004B010BD1FB501909DF8180065
:108BD0001C1A1046FFF732FFE4B2241A00208DF869
:108BE0000440019BDAB262F30700C3F3072262F389
:108BF0000F20C3F3074363F3174004B010BD000018
:108C0000082208B517210348FFF71AF80022024B83
:108C10001A7008BDF04100200235002084B004B075
:108C2000FFF7A0BB2DE9F74FDFF8D0A0C0EB00188D
:108C30000AEB08035B5C0746FF2B0E462BD0002592
:108C40002F4A90444FF0000BC5EB051403F12C099B
:108C50000AEB04010AEB4909144411F801EBBEF1D7
:108C6000FF0F0ED0E8B2874218D15FFA8BF0864230
:108C700014D118F806002030FF2828BFFF2008F87C
:108C800006000BF1010BBBF10F0F04F10104E4D15D
:108C90000135062DD6D103B0BDE8F08F0EF12C0EB4
:108CA0000AEB4E0E9EF802C099F802009EF803E00F
:108CB000A0EB0C0099F803C00191ACEB0E0C1FFA6D
:108CC0008CFC0CFB0CFC00FB00C080B20093FFF797
:108CD0004EFB2828009B0199094AD2D8C0F12800F0
:108CE00080B2102828BF102094F800C0C0B26044A1
:108CF000FF2828BFFF202070C3E700BFEE0D002033
:108D000030350020FFF77CBF10B5084C35232046D6
:108D1000032200F8013B0649F7F746FD4FF687733B
:108D2000A380BDE81040FFF76BBF00BFF0410020FB
:108D300065FE00080020704770B504460E461546D3
:108D4000FFF7F8FF054BC4EB041423449B5DFF2B96
:108D50001EBF2B540130C0B270BD00BFEE0D00200D
:108D6000014BDB68184700BFD008010810B4024C63
:108D70006468A44610BC6047D008010837B5194B99
:108D80000446034493F88831194229D0164B9A7847
:108D900059788DF80120DA788DF80220FFF70EFB64
:108DA0004FF4B47201F1B403B3FBF2F502FB1533D7
:108DB0005B1A48BF03339B1000F0030003FB001154
:108DC0008DF800100098FFF729FFC0F30743C2B2E7
:108DD000C0F30721204603B0BDE83040FFF7C6BF0F
:108DE00003B030BDEE0D0020F041002013B5134B51
:108DF0000446034493F8883119421CD0FFF7DEFA89
:108E00008DF80000FFF7DAFA40F357037F338DF84F
:108E100001300B4BDB788DF802300098FFF7FEFE37
:108E2000C0F30743C2B2C0F30721204602B0BDE839
:108E30001040FFF79BBF02B010BD00BFEE0D002039
:108E4000F0410020014B9B68184700BFD008010883
:108E50002DE9F04F534B87B0DC78534E04EB4403BD
:108E60004FEAA30B9B080193FF23B3FBF4F300939A
:108E700083785BB1002211461046FFF7E3FF5A22C8
:108E800000214A48F7F7F8FA002333700025484FCD
:108E9000DFF818A13B7801333B70A4EB0B0302937E
:108EA000D0464FF0000932785FFA89F31A4362D155
:108EB0000393F7F7EFF93F4B9842039B5BDC8AF88B
:108EC00000402946184604AAFFF736FF90B198F8EB
:108ED0000020019B9DF810009A425BD9A2EB0B0386
:108EE0000BFB03F3029A93FBF2F32246DBB2194623
:108EF000FFF73CFF09F10109B9F1060F08F10F086E
:108F0000D1D10135EDB20F2D0AF1010AC8D13B785C
:108F1000009A934204BF00233B7033780133DBB2E5
:108F20001C2B3DD900233370234E05233546671E85
:108F3000304629460F22052B04D190F800C0644525
:108F400008BF077011F80FCC013AA44524BF01F8FF
:108F50000F7C0C7012F0FF0201F1010100F1010021
:108F6000E9D1013B13F0FF03A5F10F05E0D100208B
:108F700007B0BDE8F08F98F80020002AA1D09442F5
:108F80009FD939780098814204BF02F1FF3288F8F6
:108F9000002096E76243B2FBFBF20023D2B2A6E7C1
:108FA0003370E4E7F0410020013500203035002027
:108FB00000350020545555057B3500202DE9F04F34
:108FC00085B0074688461546FEF7DCF9814600283D
:108FD0004DD0002D4ED04146384602AAFFF7ACFED8
:108FE0000446334E33782344082B22DDC4F1080AAB
:108FF000611C52463144701CF7F7D6FB04F109019D
:109000005246314406F10900F7F7CEFB06EB440166
:109010004FEA4A02193106F11900F7F7C5FB04F1CE
:1090200011015246314406F11100F7F7BDFB86F8F5
:1090300000A000221146964602AB96F800B0DFF879
:1090400070C00193D0B200EB0B038442DBB213D8A3
:1090500011B1174B5C441C704DB1164B1B7803F0DB
:10906000FC037C2B03D141463846FFF7DBFD05B0FE
:10907000BDE8F08F2C46B4E701990F4E11F801AB13
:109080000CEB030001910AF12C0106EB41018E78F3
:109090000C33C9780CEB430341724670494680F8A3
:1090A00011A083F801E083F802E00132CAE700BFB3
:1090B00003350020F0410020EE0D00200120704714
:1090C00008B5FFF7FBFF08BDC0EB4010C3B200209E
:1090D00003F11F02D2B2972A63F30700134628BF99
:1090E000972382B063F30F2002B070472DE9F04F51
:1090F000074689B000780291FFF7E6FFDFF8B880F5
:109100002E4BC4B21D8898F80430C0F3072B5B08BF
:109110005D432B4BC5F3072503EB440603F5C479E8
:10912000E3B29B4507D8BBF1960F8CBF002001200E
:1091300009B0BDE8F08F19F804207B781A4238D0C6
:1091400096F85A1096F85B2070391FFA81FA0AFBDC
:109150000AF0203A92B202FB020080B20392FFF7BB
:1091600006F90095034698F801C098F8020098F8AF
:1091700003E0039A4CEA002012B20FFA8AF1DDF8FC
:1091800008C040EA0E40E047C0F307238DF81C00FA
:10919000C0F307408DF81D308DF81E000798FFF7CB
:1091A0003DFDC0F30743C2B2C0F307212046FFF7DD
:1091B000DDFD02360134B3E7F0410020F841002024
:1091C000EE0D00200149FFF791BF00BF118B000891
:1091D0000149FFF78BBF00BF558B00080149FFF71E
:1091E00085BF00BFBD8500080149FFF77FBF00BFF5
:1091F000C98B00082DE9F04F074685B00078FFF7CE
:1092000063FF8A46DFF89480254B98F804501B884A
:109210006D085D43234BC4B2C0F3072BC5F307258C
:1092200003EB440603F5C479E3B29B4507D8BBF1D1
:10923000960F8CBF0020012005B0BDE8F08F19F813
:1092400004207B781A4226D098F8023098F8010062
:1092500098F803C096F85B2096F85A1040EA03206D
:10926000203A70392B4640EA0C40D047C0F3072320
:109270008DF80C00C0F307408DF80D308DF80E000E
:109280000398FFF7CBFCC0F30743C2B2C0F307213A
:109290002046FFF76BFD02360134C5E7F0410020A0
:1092A000F8410020EE0D00200149FFF7A3BF00BFE9
:1092B000858A00080149FFF79DBF00BFCB8A0008DF
:1092C0000149FFF797BF00BFEF8500080149FFF78D
:1092D00091BF00BF998B00082DE9FF470646007833
:1092E000FFF7F2FE88461F4F1F4A3B7915889B08FF
:1092F00003FB0555DFF874A0C0F30729C5F3072564
:10930000C4B2E1B2894507D8B9F1960F8CBF0020ED
:10931000012004B0BDE8F0871AF8042073781A42DF
:109320001DD0BA787B78F87843EA022343EA0040FC
:109330002A46C047C0F307238DF80C00C0F307404E
:109340008DF80D308DF80E000398FFF767FCC0F321
:109350000743C2B2C0F307212046FFF707FD0134DF
:10936000CFE700BFF0410020F8410020760F002039
:109370000149FFF7B1BF00BF218400080149FFF791
:10938000ABBF00BF798400080149FFF7A5BF00BF4C
:10939000D18400080149FFF79FBF00BFF98400088E
:1093A0000149FFF799BF00BF318500080149FFF768
:1093B00093BF00BF698500080149FFF78DBF00BF5B
:1093C0003D8700080149FFF787BF00BF9D87000860
:1093D0002DE9F04F804689B00078FFF775FEDFF881
:1093E000A490294B99F804401B88A4085C43C4F35B
:1093F0000724C6B2C0F3072504F14000C0B28A4674
:10940000FEF7EEFF803843B220460393FEF7E8FFF5
:10941000DFF878B0A0F180077FB2F3B29D4206D8A2
:10942000962D8CBF0020012009B0BDE8F08F1BF8FD
:10943000061098F80120114222D0009499F80220D9
:1094400099F8010099F803C040EA022003993A46CE
:1094500040EA0C40D047C0F307238DF81C00C0F34E
:1094600007408DF81D308DF81E000798FFF7D6FBDA
:10947000C0F30743C2B2C0F307213046FFF776FCC2
:109480000136CAE7F0410020F8410020760F0020A5
:109490000149FFF79DBF00BF3D8600080149FFF766
:1094A00097BF00BF8D8600080149FFF791BF00BF3D
:1094B000DD8600082DE9F04F324D074685B0007873
:1094C000FFF702FE2B794FF6FF760133FF2B28BF03
:1094D000FF238846B6FBF3F6DFF8ACB0DFF8ACA0AC
:1094E000C0F30729C4B2E1B2894507D8B9F1960F94
:1094F0008CBF0020012005B0BDE8F08F1BF80420D0
:109500007B781A422CD09AF800302148013B5BB29C
:109510001A0627D5324629796B780131FF2928BFF1
:10952000FF215143AA78E87843EA0223C1F30F21CF
:1095300043EA0040C047C0F307238DF80C00C0F396
:1095400007408DF80D308DF80E000398FFF766FB8D
:10955000C0F30743C2B2C0F307212046FFF706FC61
:109560000134C0E7C25C8A420AD103F10C020AEB63
:10957000420292F801C092784CEA0222B242CAD367
:10958000013BC5E7F0410020760F0020FC410020A0
:109590000D4200200149FFF78DBF00BFE987000899
:1095A0000149FFF787BF00BF1B8800082DE9F04F76
:1095B00082468DB008780492FFF786FD8B46414BBA
:1095C000C4B21B78C0F3072903933F4B03EB440657
:1095D00003F5C4730593E3B2994507D8B9F1960F23
:1095E0008CBF002001200DB0BDE8F08F059B1A5DF7
:1095F0009BF801301A421ED05746002503223349FA
:109600000AA8F7F7D1F82F4B0AEB0308039AFBB22D
:109610009A4213D82E4BDB786B431B128DF82A30FD
:109620000A98FFF7FBFAC0F30743C2B2C0F3072161
:109630002046FFF79BFB01340236CCE718F8013FC8
:1096400096F85A1096F85B20C91A98F8083089B233
:10965000D21A92B202FB02F001FB010080B2079223
:109660000691FEF784FE1A4B07F10C0E93F804C026
:10967000144B0CF1010CBCF1FF0F28BF4FF0FF0C95
:1096800003EB4E0E9EF801309EF802E0079A43EA83
:109690000E2303FB0CFC0699CCF30F238DF82A5004
:1096A0000093049D034612B20A9809B2A847C0F37A
:1096B00007238DF828008DF82930C0F307450137BE
:1096C000A4E700BFFC410020EE0D0020F141002086
:1096D000F0410020044B01461B78044A013B23EA79
:1096E000E373D8B2FFF762BFFC410020498800084D
:1096F0000146024A0020FFF759BF00BF4988000811
:10970000044B01461B78044A013B23EAE373D8B2B9
:10971000FFF74CBFFC410020918800080146024A37
:109720000020FFF743BF00BF91880008044B0146AB
:109730001B78044A013B23EAE373D8B2FFF736BF34
:10974000FC410020058900080146024A0020FFF77D
:109750002DBF00BF05890008044B01461B78044A51
:10976000013B23EAE373D8B2FFF720BFFC4100209E
:109770007D8900080146024A0020FFF717BF00BF9D
:109780007D890008044B01461B78044A013B23EA0B
:10979000E373D8B2FFF70ABFFC410020C989000873
:1097A0000146024A0020FFF701BF00BFC989000837
:1097B000F7B506460078FFF787FC184AC5B253781C
:1097C0009178C0F30724D07843EA012343EA0040AC
:1097D000FFF724FAC0F307238DF80530104FC0F3CC
:1097E00007438DF804008DF80630EBB29C4205D893
:1097F000962C8CBF0020012003B0F0BD7A5D7378F9
:109800001A4208D028469DF806309DF804209DF89D
:109810000510FFF7ABFA0135E7E700BFF041002084
:10982000760F00202DE9FF4106460078FFF74CFC3B
:10983000DFF89C80032208F10101C4B2C0F30725C0
:1098400001A8F6F7B1FF019898F80170FFF7E6F963
:10985000C0F307238DF8093098F804308DF808001C
:109860001F448DF80470C0F307408DF80A0001987A
:10987000FFF7D4F9C0F307238DF80D30154FC0F36F
:1098800007438DF80C008DF80E30E3B29D4206D8E8
:10989000962D8CBF0020012004B0BDE8F0813B5D17
:1098A0007278134211D0DB07204643BF9DF80E307B
:1098B0009DF80C209DF80D109DF80A305CBF9DF8B6
:1098C00008209DF80910FFF751FA0134DDE700BFC9
:1098D000F0410020760F00202DE9FF470646007872
:1098E000FFF7F2FBDFF870800322C4B2C0F3072554
:1098F00008F1010102A8F6F757FF6FF4967398F884
:109900000470DFF85890BF0809EB030AE3B29D42E8
:1099100006D8962D8CBF0020012004B0BDE8F0874A
:1099200019F8042073781A4213D01AF8142098F802
:109930000130120902FB07338DF808300298FFF757
:109940006DF9C0F30743C2B2C0F307212046FFF709
:109950000DFA0134DAE700BFF0410020760F002055
:109960002DE9FF4706460078FFF7AEFBDFF86C8075
:109970000322C4B2C0F3072508F1010102A8F6F7DB
:1099800013FFDFF85C9098F80470A9F5977ABF0888
:10999000E3B29D4206D8962D8CBF0020012004B072
:1099A000BDE8F08719F8042073781A4213D01AF82A
:1099B000142098F801307A4303EB52138DF80830E5
:1099C0000298FFF72BF9C0F30743C2B2C0F3072197
:1099D0002046FFF7CBF90134DAE700BFF041002061
:1099E000760F00202DE9FF4106460078FFF76CFB5B
:1099F000DFF89480032208F10101C5B2C0F3072407
:109A000002A8F6F7D1FE214B98F80370188898F851
:109A10000430DB085843C0F30720FEF7E1FCA0F157
:109A200080035BB2002BBCBFC0F1800043B25B007F
:109A3000DBB27B431B128DF80A300298FFF7EEF879
:109A4000134FC0F307238DF80C00C0F307408DF8C7
:109A50000D308DF80E00EBB29C4206D8962C8CBFD0
:109A60000020012004B0BDE8F0817A5D73781A42CD
:109A700008D028469DF80E309DF80C209DF80D105A
:109A8000FFF774F90135E6E7F0410020F8410020C6
:109A9000760F002073B505460078FFF715FBAB780D
:109AA000C6B2C0F3072423BB134B144A1B79128898
:109AB0001033FF2B28BFFF2353430A22C3F30F2386
:109AC000B3FBF2F102FB11339BB23BB9FEF776FC1C
:109AD0009723584369780012FFF750F9962C8CBFF2
:109AE0000020012002B070BD30466978FFF746F9CA
:109AF0000136B442F8DCF1E7F0410020F8410020E3
:109B000073B505460078FFF7DFFAAB78C6B2C0F34D
:109B100007242BBB144B154A1B7912881033FF2BDB
:109B200028BFFF2353430522C3F30F23B3FBF2F2F5
:109B300002EB82029B1A9BB23BB9FEF73FFC9723D4
:109B4000584369780012FFF751F9962C8CBF00201A
:109B5000012002B070BD30466978FFF747F9013641
:109B6000B442F8DCF1E700BFF0410020F8410020EA
:109B70002DE9FF4106460078FFF7A6FADFF8988046
:109B8000032208F10101C5B2C0F3072402A8F6F7C9
:109B90000BFE224B98F80170188898F80430DB0807
:109BA0005843C0F30720FEF71BFC0C22A0F18003F2
:109BB0005BB2002BBCBFC0F1800043B25B00DBB2E4
:109BC000534307EB13278DF808700298FEF7CAFB82
:109BD000134FC0F307238DF80C00C0F307408DF836
:109BE0000D308DF80E00EBB29C4206D8962C8CBF3F
:109BF0000020012004B0BDE8F0817A5D73781A423C
:109C000008D028469DF80E309DF80C209DF80D10C8
:109C1000FFF7ACF80135E6E7F0410020F8410020FD
:109C2000760F00202DE9F04F074687B00078FFF748
:109C30004BFAC3B20193BB78C0F307244BB10022A7
:109C400011461046FFF7FEF85A2200213B48F6F76E
:109C500013FC3B7883B30026B0464FF00F0B384B14
:109C600006EB030A354B06EB03091AF8013B019A90
:109C700093420CD3A3420AD2314A134493F8882169
:109C80007B781A4227D108F101085FFA88F80BF1B6
:109C9000FF3313F0FF0B09F10109E6D14B2E04D07D
:109CA000B8F11E0F06F10F06D7D9962C8CBF0020F5
:109CB000012007B0BDE8F08F224D288802F019FC82
:109CC00018288CBF012200221F4B1A70C3D902F042
:109CD0000BFC2880BFE799F800501C4AA5F15503FA
:109CE00023EAE373C3F1AA038DF810309378D27896
:109CF0008DF8113005F1AA03FF2B28BFFF2303EBDA
:109D000043030233DBB253431B128DF81230049825
:109D1000FEF784FFC0F30743C2B2C0F307211AF86D
:109D2000010CFFF723F8084B1B78002BABD0013D4B
:109D300025EAE57589F80050A5E700BF3035002019
:109D4000EE0D00208C3500208A350020F0410020E7
:109D500007B50078FFF7B8F9C0F3072096288CBF45
:109D60000020012003B05DF804FB13B50078FFF775
:109D7000ABF9C0F307242146C0B2F8F739F9962CA5
:109D80008CBF0020012002B010BD07B5007801385B
:109D9000C0B2FFF799F9C0F30721C0B2FBF726FF65
:109DA00003B05DF804FB00002DE9F04F974C8FB035
:109DB000206802F0A5FB054602F05EFB206000244F
:109DC000934EA44696F800E0C5F57F477146FF37ED
:109DD000E3B29E4517D8BCF1000F00D031708D4D15
:109DE0008D4C2B7813F0030218BF9B08019218BF0B
:109DF00001932378032B00F22783DFE813F01C0084
:109E0000290031033D0304F10C0206EB42025378B2
:109E100092F80280013443EA08239F4229BF5B196C
:109E200001F1FF315370C3F307233ABF4FF0010C28
:109E3000C9B29370CCE70022784B75491A70784B01
:109E4000292218607748F6F7AFFC01232370FBE264
:109E5000754B019A1B78934247D1744A2B7812783C
:109E600003F003039B1A18BF01236C4E7278B37082
:109E70006B799A4205D00022114610467370FEF7A6
:109E8000E1FF019A2E2A39D8DFE812F031003A00BA
:109E900057005B005F00630067006B006F0073009A
:109EA00077007B007F00830087008B008F0093008A
:109EB00097009B009F00A300A700AB00AF00B3007A
:109EC000B700BB00D2002901E6019C02A002A40257
:109ED000A802AC02B002B402B802BC02C002C402C2
:109EE000C802CC02D002D402D8020123BDE7B37865
:109EF00023B1002211461046FEF7A4FF002002E025
:109F00004648FFF755FC454B1A7801321A70002875
:109F100040F09D820221404A9B781170002B40F056
:109F2000B882019B002B00F08D82FFF7C9F83B48F7
:109F30000FB0BDE8F04FFFF728BF3848FFF772FCBD
:109F4000E1E73648FFF7C8FCDDE73448FFF708FDD6
:109F5000D9E73248FFF746FDD5E73048FFF708FA62
:109F6000D1E72E48FFF70AFACDE72C48FFF79CF916
:109F7000C9E72A48FFF79EF9C5E72848FFF722F905
:109F8000C1E72648FFF724F9BDE72448FFF7FCF9AD
:109F9000B9E72248FFF7FEF9B5E72048FFF700FAD6
:109FA000B1E71E48FFF702FAADE71C48FFF716F9C4
:109FB000A9E71A48FFF784F9A5E71848FFF786F9DB
:109FC000A1E71648FFF710F99DE71448FFF760FA7C
:109FD00099E71248FFF762FA95E71048FFF764FA2D
:109FE00091E70E48FFF756FD8DE70C48FFF788FD17
:109FF00089E70A48FFF7BCFD85E70848FFF7DCF969
:10A0000081E70648FFF7DEF97DE700BF2C35002029
:10A0100003350020F04100201C1000201D100020FE
:10A02000F8410020FC4100202010002021100020D9
:10A030003078FFF749F8DFF80482814FD8F8002024
:10A040003B68C0F307249A4237D9FEF7B7F9972344
:10A0500058437C4B4FEA202903EB202393F88821B7
:10A0600073781A4229D0FEF7A9F982072AD500236E
:10A07000ADF830308DF832300C98FEF7CFFDC0F3DC
:10A080000721C0F30743C2B28DF834008DF83510B4
:10A090008DF836304846DBB2C9B2FEF767FE2B7941
:10A0A0004FF4FA721033FF2B28BFFF231B09B2FBBA
:10A0B000F3F3D8F8002013443B60962C8CBF0020AB
:10A0C000012020E7FEF77AF98DF83000FEF776F9E7
:10A0D00040F357007F30EB788DF83100CAE7DFF8A6
:10A0E0006891DFF858A1D9F80020DAF800309A42D8
:10A0F0003FF604AFB378554FBBBB3078FEF7E4FFB3
:10A10000ADF83000C0F30724C0B200EB4008DFF820
:10A1100040B1B844C3B29C425FD8962CCDD94D49CA
:10A1200004EB4402033AC81EF6F728F9FEF746F995
:10A1300004F1FF3810F0020F4FEA480660D0002308
:10A140004644BA19BB55537093702B7940F6B83218
:10A150001033FF2B28BFFF231B09B2FBF3F3DAF800
:10A1600000201344C9F80030A7E70022002411465C
:10A170001046FEF767FEB846A346FEF71FF98307B1
:10A180000BD588F800B088F801B088F802B0013427
:10A19000972C08F10308F0D1AFE7FEF70FF98DF81F
:10A1A0003400FEF70BF9EB7840F357007F3004EBF7
:10A1B00044028DF836308DF83500BB180D980392A7
:10A1C0000293FEF7CFF8039A029BB854C0F307221C
:10A1D000C0F307405A709870D9E71BF800207378D5
:10A1E0001A4209D098F8023098F8002098F8011027
:10A1F0000290FEF7BBFD029808F10308013089E7E1
:10A20000FEF7DCF88DF83400FEF7D8F8EB7840F371
:10A2100057007F308DF836308DF835000D98FEF7F9
:10A22000A1F84644B85507EB0608C0F30723C0F36E
:10A23000074088F8013088F8020086E7F8410020DE
:10A24000FC340020EE0D0020F834002030330020D4
:10A25000760F002033330020B37823B1002211465B
:10A260001046FEF7EFFD3078FEF72EFFC0F3072310
:10A2700008938A4BADF830001A68894B1B689A42E4
:10A2800040F29780AA786B78E87843EA022343EAA1
:10A290000040FEF7C3FC834DC0F30722AB46C0F37A
:10A2A00007438DF835208DF83630C1B2D2B2DBB21B
:10A2B0007D4FDFF8F8918DF83400039104920593F7
:10A2C000AA46B84600260F35CDF818A0079518F80D
:10A2D000014B002C70D003A91AC90293069B13F8F6
:10A2E000010B06930BEB000393F8882199F80130DA
:10A2F0001A4205D02346029A0991FEF737FD0999C3
:10A30000079B13F8010D07930BEB000393F88821CB
:10A3100099F801301A4203D02346029AFEF726FD2F
:10A32000013698F80030F6B2062E08F8013CCED17E
:10A33000BC79002C43D0059C039EDDF810809AF870
:10A3400006000BEB000393F8882199F801301A42BC
:10A3500004D0234642463146FEF708FD9AF808002D
:10A360000BEB000393F8882199F801301A4204D0CE
:10A37000234642463146FEF7F9FCFEF71FF810F07F
:10A38000030F0CBF01230023BB71494B07379D42CC
:10A3900096D1484B40F6B8321B791033FF2B28BFBB
:10A3A000FF231B09B2FBF3F33C4A126813443C4AF7
:10A3B0001360089B962B81E6214602948EE7264681
:10A3C000A046BCE73948FFF72DFC9CE53748FEF76F
:10A3D0003FFD98E53548FFF7DDF894E53348FFF792
:10A3E000DFF890E53148FFF775F98CE52F48FFF766
:10A3F0007FF988E52D48FFF783F984E52B48FFF7BF
:10A400008DF980E52948FFF791F97CE52748FFF7AA
:10A410009BF978E52548FFF79FF974E52348FFF796
:10A42000A9F970E52148FFF7ADF96CE51F48FFF782
:10A43000B7F968E51D48FFF78BFC64E51B48FFF79B
:10A4400094FC60E5032313700FB0BDE8F08F019B0F
:10A45000002BF9D0184B1B78022B7FF468AD64E514
:10A46000019A164B1A702B78154AC3F30103137027
:10A47000FEF776FC0323E9E4124B1B780BB1FEF7E1
:10A48000BFFB064B186802F03BF80F28DCD900230D
:10A49000DCE4019B002BD7D047E500BFF84100204A
:10A4A0002C330020EE0D0020003300201D10002072
:10A4B000480E0020F04100201C1000202010002039
:10A4C000211000200235002010B500240D4B1B6820
:10A4D00098470D481022FF2100F8194BF5F7CCFFE3
:10A4E0000A481022FF2100F8194BF5F7C5FFFEF7C7
:10A4F00095FA074B1B78032B03D8BDE81040FEF7F5
:10A5000003BC10BDD0080108FC4100200335002029
:10A51000F041002070470000044A137883F00103E3
:10A5200013700022024B1A70FEF770BAF04100203F
:10A530001C1000200020FFF7EFBF0120FFF7ECBF49
:10A54000064A137813F0030304BF05490B70012179
:10A55000137861F301031370704700BFF0410020CE
:10A560001C100020054B1A7892071EBF0021044AD8
:10A5700011701A7822F003021A707047F04100201F
:10A580001C100020024B187800F00300704700BF39
:10A59000F04100200C4A034608461178890711D083
:10A5A00063B12E2B0CD803F03F03117863F38701BE
:10A5B00011700022054B1A70FEF728BA0123F4E748
:10A5C0002E23F2E7704700BFF04100201C1000204E
:10A5D0000021FFF7DFBF000008B5FFF7C3FFFEF75C
:10A5E0001DFA054B1878830704D0BDE808408008A1
:10A5F000FFF7EEBF08BD00BFF04100200121FFF7CB
:10A60000C9BF0000014B187880087047F041002056
:10A61000054B01461B789B0801332F2B34BF18468E
:10A620000120FFF7B7BF00BFF04100200120FFF776
:10A63000EFBF0000064B01461B78C3F38503013BC7
:10A6400013F0FF0314BF18462E20FFF7A3BF00BF6F
:10A65000F04100200120FFF7EDBF000030B4084CAE
:10A660000546184623789B0708D0A02A28BFA022B9
:10A670006570A170E27030BCFEF7C8B930BC70479D
:10A68000F04100200023FFF7E9BF0123FFF7E6BFF9
:10A6900007B50322094901A8F6F786F800209DF8BE
:10A6A000043063F307009DF8053063F30F209DF835
:10A6B000063063F3174003B05DF804FBF14100205E
:10A6C000014B5878704700BFF0410020014B98784B
:10A6D000704700BFF0410020014BD878704700BFA1
:10A6E000F0410020034903464878CA780830897849
:10A6F000FFF7B4BFF04100200120FFF7F3BF0000D7
:10A70000054910B44C780346083CCA78A0B2897851
:10A7100010BCFFF7A3BF00BFF04100200120FFF7EE
:10A72000EFBF000010B4064C0346A178E278103168
:10A73000FF2928BFFF216078C9B210BCFFF78EBF88
:10A74000F04100200120FFF7EDBF000010B4064CDF
:10A750000346A178E278103921EAE1716078C9B244
:10A7600010BCFFF77BBF00BFF04100200120FFF7C6
:10A77000EDBF000010B4064C0346E278A178203209
:10A78000FF2A28BFFF226078D2B210BCFFF766BF55
:10A79000F04100200120FFF7EDBF000010B4064C8F
:10A7A0000346E278A178203A22EAE2726078D2B2D7
:10A7B00010BCFFF753BF00BFF04100200120FFF79E
:10A7C000EDBF0000024B18710020FEF71FB900BF5B
:10A7D000F0410020024B18710120FEF717B900BFAD
:10A7E000F0410020014B1879704700BFF041002074
:10A7F000044A13792833FF2B28BFFF231371FEF778
:10A8000005B900BFF04100200120FFF7F1BF0000B3
:10A81000034A1379283B23EAE3731371FEF7F6B872
:10A82000F04100200120FFF7F3BF0000F0B50C4D10
:10A8300000EB4007EE1996F801C044008C4505D1A5
:10A84000EF5D974202D1B6789E4207D0012720449F
:10A85000044E2C18377061702A54A370F0BD00BFED
:10A86000254200208E35002070B5134605460E4661
:10A8700000242046324629460134FFF7D7FF972CA3
:10A88000F7D170BD08B500F02BFA0022014B1A7009
:10A8900008BD00BF8E35002010B5054C23782BB1C4
:10A8A0009721044800F038FA0023237010BD00BF40
:10A8B0008E3500202542002000B1104708470000D7
:10A8C00038B54D790446002D43D1FCF73FFBA4F584
:10A8D000F043203B00F02200142B3AD8DFE803F0CD
:10A8E0000B0F14171A1D202326292C2F3335370D53
:10A8F0000D0D0D0D0D00FFF720FE284638BD164A40
:10A900001649FFF7D9FFF8E7144A1349F9E7144A43
:10A910001449F6E7134A1249F3E7134A1349F0E7DB
:10A92000124A1149EDE7124A1249EAE7114A104961
:10A93000E7E7114A1149E4E7104A0F49E1E701202E
:10A94000FFF75CFED9E70520FAE70D20F8E71220B3
:10A95000F6E70125D1E700BF55A600082DA600089F
:10A960001DA70008F9A600086DA7000845A7000864
:10A97000BDA7000895A7000825A8000809A8000899
:10A980002DE9F0414FF0120C4618054619461046C5
:10A990000027B54201D3BDE8F08115F8013B83EAF9
:10A9A0000002A2FB0C830CFB01334801540114EBA1
:10A9B000080440EAD26043EB00034FEAC218A4182F
:10A9C0004FEAC11041EB03034FEA022E40EA526006
:10A9D00014EB08044FEA012143EB000341EA126142
:10A9E00014EB0E0443EB01030EEB03013819D0E71F
:10A9F000FCF7C8BC08B5082200210348F5F73CFD68
:10AA0000BDE8084000F004B9903500208378C07894
:10AA1000013303F003031B1A58425841704710B525
:10AA20000446FFF7F3FF78B9A37801F07F01E0183F
:10AA300041EAC21202710120013303F00303A37043
:10AA400023780133237010BD0020FCE710B5C378D4
:10AA500084789C4211D003441B79C3F3C014C3F320
:10AA600006030B701470C378013303F00303C37043
:10AA7000437801334370012010BD0020FCE7000043
:10AA80000A4601460148FFF7CABF00BF90350020C3
:10AA90000A4601460148FFF7D9BF00BF90350020A4
:10AAA0002DE9F0412D4B86B01A7832B100221A7090
:10AAB0002B4B9A78DA701A785A7000F0E3F8FFF7A7
:10AAC00097FF044600283CD00024FC2630E09DF887
:10AAD00006409DF807808DF81040B8F1000F34D083
:10AAE000FD2302278DF8113001F0FEFC0123ADF8A3
:10AAF00012008DF815308DF8147006AB13E90300C1
:10AB0000FBF756FB8DF80840B8F1000F23D0FD236A
:10AB10008DF8093001F0E8FC0023ADF80A008DF84B
:10AB20000C708DF80D30DDE90201FBF741FB2C467E
:10AB30000DF107010DF10600FFF7AAFF05460028F9
:10AB4000C5D1204606B0BDE8F0818DF8116003271D
:10AB500001F0CAFCCAE78DF80960DBE78F350020F9
:10AB6000903500204FF4165002F012BD012301F180
:10AB7000804101F2064101F00F012022024803FA50
:10AB800001F104F03FB900BF00040040054B01F1A2
:10AB90008041186901F2064101F00F01C84000F040
:10ABA0000100704700040040704700002DE9F041AB
:10ABB0000025154F3B78ECB2A3420CD8FFF7D2FF2B
:10ABC0000026DFF848803B78F5B2AB420DD8FFF79E
:10ABD000EBFFBDE8F08100212046FFF7C7FF012110
:10ABE0002046FFF7C3FF0135E4E700212846FFF7C1
:10ABF000CDFF012104462846FFF7C8FF44EA400480
:10AC000008F805400136DEE7983500209A35002027
:10AC10000122024B1A70FFF7C9BF00BF9835002010
:10AC200038B541EA4203144ADBB2115C044601F034
:10AC30000305AB421FD043EA8103DBB20F4D13542F
:10AC40000F4A03F00F03D35C2A5C13445BB2012B61
:10AC50002B5402DD0021FFF713FF2B57013303DADA
:10AC600001212046FFF70CFF2B57002B03F00103B7
:10AC7000B8BF5B422B5538BD9A350020993500206E
:10AC8000E0090108F8B500250A4F3B78ECB2A34271
:10AC900000D8F8BD00212046FFF778FF01210646C5
:10ACA0002046FFF773FF314602462046FFF7B8FF04
:10ACB0000135EAE798350020C1F10301490040FA67
:10ACC00001F3022213F0010F14BF0E2308238A4060
:10ACD00002421ABFA3F12000C0B243F080007047C7
:10ACE00010B50A4C40F282224FF40041084804F0AB
:10ACF00089F8204603F018FB2046064903F09EFA27
:10AD00002046BDE8104003F0B5BA00BF80460020E1
:10AD100000040040F00901082DE9F04F05460E46F9
:10AD200000244FF00C08274F85B0E3B2B34208D39C
:10AD30004FF4F161234A244805B0BDE8F04F03F019
:10AD4000B4BA4FF0000A03EB43016A1808FB03F999
:10AD5000695C0291517892780391019209F10302A2
:10AD600002EB070B51460298FFF7A6FF0AF1010A12
:10AD7000BAF1040F0BF8010FF4D14FF0000B09F1F9
:10AD8000070207EB020A59460398FFF795FF0BF1FC
:10AD9000010BBBF1040F0AF8010FF4D14FF0000BC7
:10ADA00009F10B0307EB030A59460198FFF784FFEB
:10ADB0000BF1010BBBF1040F0AF8010FF4D10134C0
:10ADC000B3E700BF9B35002080460020FCF7FDB9AB
:10ADD00008B50420FCF7A2FDC0F3C00008BD08B50B
:10ADE000FCF75EFE4FF4C86002F059FDFCF758FE18
:10ADF000FFF7EEFF28B1FFF7E9FFBDE8084001F0DB
:10AE000097BB08BD08B5FFF7EAFF08BD2DE9F84379
:10AE10009046994610B90020BDE8F8830029FAD081
:10AE2000002AF8D0002BF6D0054600232F783FBB30
:10AE3000164E3278541CE4B23470BCB100234FEA91
:10AE4000031C10F80CC0A44510D001338B42F6D17E
:10AE500007B1347033782B7001F00EFB089B40442F
:10AE60006860C5F808903078EB60D5E7631C9442C1
:10AE70004FF00107DBB201D13370CCE71C46DCE7B1
:10AE800001338B4205F11005D0D1C4E7A83D002065
:10AE9000034610B510468BB191B14AB100221C781F
:10AEA000844206D1002201201A705A609A60DA604A
:10AEB00010BD0132914203F11003F0D10020F7E7F9
:10AEC0000846F5E72DE9F041154604460E4601F027
:10AED000D3FA2B680746C31A002B03DD2860002530
:10AEE000B54201D1BDE8F08194F80080B8F1000FBF
:10AEF0000DD06068C31B002B09DCA368E16898478C
:10AF00002378434503D128B1636803446360013566
:10AF10001034E5E720706060A060E060F7E70000B3
:10AF200007B50B460092082102460348FFF76EFF63
:10AF300003B05DF804FB00BF243D00200246082159
:10AF40000148FFF7A5BF00BF243D00200821024AA9
:10AF50000248FFF7B7BF00BFA43D0020243D0020FA
:10AF6000052070471E23520003FB0122B42303FB7C
:10AF7000002000F216307047042838B510D8052993
:10AF80000ED80E2A0CD8FFF7EDFF0546FCF70AFE97
:10AF90000402681CFCF706FEA4B2204380B238BD50
:10AFA0000020FCE7042870B51C460FD805290DD8F1
:10AFB0000E2A0BD8FFF7D6FF0546210AFCF75AFEEA
:10AFC000E1B2681CBDE87040FCF754BE70BD0428B7
:10AFD00070B5164616D8A9B9800000F29A6482F0BE
:10AFE000010004EB4000FCF7DDFD002E4FEA0025D8
:10AFF0000CBF032001202044FCF7D4FDADB2284350
:10B0000080B270BD0020FCE7042870B516461D46CE
:10B0100014D899B9800000F29A6482F0010004EB20
:10B020004000190AFCF726FE002E0CBF0320012069
:10B03000E9B22044BDE87040FCF71CBE70BD2DE9AC
:10B04000F84300250026ECB212E05FFA87F94A4681
:10B0500041462046FAF7FAFE013703464A46414682
:10B060002046FFF79FFF0F2FEFD10136062E03D0AA
:10B0700000275FFA86F8E8E7012200212046FAF768
:10B08000F9FE0122034600212046FFF7BDFF002202
:10B0900020461146FAF7EEFE0022034611462046EE
:10B0A0000135FFF7B1FF052DCCD1BDE8F88370B5B0
:10B0B000144600F216355618B44200D170BDA5F200
:10B0C0001633B3F5617F06DA2846FCF76BFD04F80A
:10B0D000010B0135F0E70020F9E770B5144600F2E6
:10B0E00016355618B44200D170BDA5F21633B3F52B
:10B0F000617F03DA28462178FCF7BCFD0134013575
:10B10000F0E7042810B406D8052904D80E2A02D87E
:10B1100010BCFFF731BF002010BC7047042802D8D4
:10B1200009B9FFF754BF002070472020704740F650
:10B1300052107047F8B51446054640F65117561898
:10B14000B44200D1F8BDBD4207DC05F2AE60FCF7A9
:10B1500029FD04F8010B0135F2E70020F9E7F8B505
:10B160001446054640F651175618B44200D1F8BDB2
:10B17000BD4204DC217805F2AE60FCF77BFD0134B2
:10B180000135F2E710B540F2AE64204600210134EB
:10B19000FCF770FDB4F5805FF7D110BD1F28F7B53F
:10B1A000044651D840F6FF70FCF7FCFC00284BD158
:10B1B00040F2AE652CBBCDE900442846FCF7F2FC1A
:10B1C0006F1C8DF800008DF80140E8B3012812D102
:10B1D0003846FCF7E7FCAE1C8DF80100A0B3431E17
:10B1E000022B19D83046FCF7DDFCEF1C8DF802006D
:10B1F00050B38DF803400021684600F039FC3D460D
:10B20000DBE7B5F5805F1FD02846FCF7CBFC08B91B
:10B21000013CE4B20135CDE7042810D102253046C7
:10B22000FCF7C0FC01360DF8050068B17C2808D198
:10B2300005F108030DEB0305002305F8073C37462D
:10B24000D9E70135072DEAD103B0F0BD47F6164323
:10B25000984210B50C461BD1FBF778FE62790D4B76
:10B2600072B100F0AA00002813BF01220022292099
:10B2700035201A7001F010F8FBF72CFF002010BDEC
:10B280001B78002B0CBF2920352001F01FF8F3E7B5
:10B290000120F4E7A93D002038B50546487900288B
:10B2A00000F0DC80A5F5E045ABB2222B00F2BB80BC
:10B2B000FBF7AEFF6A4C013D2080212D12D8DFE85C
:10B2C00005F04DBD551B1F59235D692FB5336D37F3
:10B2D00071973B759F417B8327612B65477F8EA9C3
:10B2E000B31651C5237843F00103237095E06378CA
:10B2F00043F00803637090E0237843F00203F4E71F
:10B30000237843F00403F0E7237843F00803ECE7E5
:10B31000637843F00103EDE7637843F00203E9E764
:10B32000237843F01003E0E7237843F02003DCE7C1
:10B33000237843F04003D8E7FBF750FA237843F033
:10B340008003D2E7237823F00C0343F00C03CCE70F
:10B35000637823F0030343F00303CBE7237823F060
:10B360000103C2E7637823F00803C3E7237823F0DF
:10B370000203BAE7237823F00403B6E7237823F027
:10B380000803B2E7637823F00103B3E7637823F09F
:10B390000203AFE7237823F01003A6E7237823F016
:10B3A0002003A2E7237823F040039EE7FBF716FA79
:10B3B000237823F0800398E7237823F00C0394E7A5
:10B3C000637823F0030395E72378C3F3800282F0C8
:10B3D0000102D2B262F3820362F3C30385E76378AA
:10B3E000DA4302F0010262F3000362F3410381E7F2
:10B3F0002378C3F3801282F0010262F3861374E7AC
:10B40000FBF7ECF92378C3F3C01282F0010262F378
:10B41000C7136AE70120FBF710FF2088FBF7FBFE4C
:10B42000FBF7DCF9002038BD0020F4E72378C3F3F4
:10B43000001282F0010262F3041356E72378C3F38B
:10B44000000282F0010262F300034EE76378C3F367
:10B45000C00282F0010262F3C3034BE70120E2E77E
:10B46000D641002000EB4003C3EB031300EB830045
:10B4700083B200B2002807DA803800B2002800DA70
:10B48000FF3040F30720704703F18000F9E7000028
:10B49000164B1B78D90707D5154B187840007F2825
:10B4A0001FD800B3C0B270479A0703D5104B187865
:10B4B0008000F4E75B0703D50D4B1878C000EEE77A
:10B4C0000C4B1B785BB10C4A0949127808789342FF
:10B4D000F4D25843C000B0FBF2F080B2DFE708209E
:10B4E000E0E77F2070470120704700BFB03D00209B
:10B4F00029100020AF3D002028100020144B1B789D
:10B50000D90705D5134B18788008F0B1C0B2704741
:10B510009A0703D50F4B18784008F6E75B0705D567
:10B520000C4B18787F28F0D97F2070470A4B1B7886
:10B530004BB10A4A07491278087893423CBF5843F6
:10B54000B0FBF2F0EEE70120E0E70120704700BF1A
:10B55000B03D002025100020AE3D0020241000202A
:10B5600008B5A0F1CD03122B10D8DFE803F00A10C4
:10B5700013192E2E2E2E2E2E2E2E1C21252B363C30
:10B580004100FFF785FF40421C4BD87008BDFFF714
:10B590007FFFF9E7FFF77CFF4042184B9870F5E713
:10B5A000FFF776FFF9E7FFF7A9FF144B1871EDE7F6
:10B5B000FFF7A4FF4042F8E7FFF7A0FF40420F4B20
:10B5C0005871E3E7FFF79AFFF9E701230B4AD138F7
:10B5D000517883400B435370D8E7094A137843F0FE
:10B5E00001031370D2E7064A137843F00203F8E729
:10B5F000034A137843F00403F3E700BFB13D002092
:10B60000B03D002030B5414BCD2893F9035093F95C
:10B61000024093F9041093F9052012D1002D01DAAC
:10B620000022DA70D9789A780A4351B20AB9384AB6
:10B6300011701A795B7913435AB20BB9354B1A70F2
:10B6400030BDCE2802D1002DEADCEBE7CF2804D1B3
:10B65000002CE7DA00229A70E4E7D02802D1002C0F
:10B66000F8DCDFE7D92804D10029DBDD00221A71DC
:10B67000D8E7DA2802D10029D4DAF7E7DB2804D1A9
:10B68000002ACFDA00225A71CCE7DC2802D1002A46
:10B69000F8DCC7E7D1380E28C4D801A252F820F050
:10B6A000DDB60008DDB60008DDB60008DDB600082E
:10B6B000DDB60008DDB60008DDB60008DDB600081E
:10B6C00025B6000825B6000825B6000825B60008EE
:10B6D000EBB60008F7B6000801B7000801215A7858
:10B6E000814022EA01025A709CE70B490A7822F055
:10B6F00001020A7096E708490A7822F00202F8E788
:10B7000005490A7822F00402F3E700BFB13D0020AA
:10B71000AF3D0020AE3D0020B03D002008B500F058
:10B72000E3FE094B9A78D9780A431CBF074A108078
:10B730001A795B791A431CBF054B18800248BDE893
:10B74000084000F0CFBC00BFB13D0020AC3D002060
:10B75000AA3D0020062208B500210548F4F78CFE1A
:10B760000023044A1370044A1370044A137008BD7E
:10B77000B13D0020AF3D0020AE3D0020B03D002097
:10B7800090F902305BB990F9033043B990F9043075
:10B790002BB990F90500003818BF0120704701202F
:10B7A0007047000037B5584C062221466846F4F72A
:10B7B000FBFF00239DF80320A370E37023716371E6
:10B7C0009DF8023013430AD0504B188800F091FEC8
:10B7D0004F490B783BB34F4A127890422CDC9DF8CE
:10B7E00004309DF8052013430BD04B4B188800F014
:10B7F00080FE4A490B78002B4DD0494A127890427E
:10B8000052DC6946404800F097FD18B93E48FFF702
:10B81000B7FF08B1FFF782FF062269463A48F4F7FE
:10B82000C3FF03B030BD0A253E4A12786A439042F6
:10B83000D5DD01330B7001E0FF2BFAD19DF90250E9
:10B840003DB1FFF725FE002DD4BFFF230123584350
:10B85000A0709DF903503DB1FFF71AFE002DD4BF33
:10B86000FF2301235843E07094F902000028B6D06A
:10B8700094F90320002AB2D0FFF7F4FD002808BF96
:10B880000120A0701046FFF7EDFD08B1E070A6E7BB
:10B890000123E370A3E70A25234A12786A43904202
:10B8A000AFDD01330B7001E0FF2BFAD19DF904509D
:10B8B0003DB1FFF723FE002DD4BFFF2301235843E2
:10B8C00020719DF905503DB1FFF718FE002DD4BF42
:10B8D000FF2301235843607194F90400002890D09D
:10B8E00094F90520002A8CD0FFF7BCFD002808BF82
:10B8F000012020711046FFF7B5FD08B1607180E7A7
:10B90000012363717DE700BFB13D0020AC3D002005
:10B91000AF3D00202A100020AA3D0020AE3D0020AF
:10B92000261000202B100020271000204B4B4C4AE3
:10B930002DE9F04113F80080C308D55C494A00F0B6
:10B940000700D65C484A0541D75C0641074115F01F
:10B9500001050C4606F0010607F0010711D0E120B1
:10B96000FAF758FC002C6AD040484FF47A72A4FBD6
:10B9700000030021002300F2E730F4F737FC01F068
:10B980008EFF8EB1E620FAF745FC002C59D03748DF
:10B990004FF47A72A4FB00030021002300F2E73089
:10B9A000F4F724FC01F07BFF21464046FAF7B4FC93
:10B9B000002C48D02D484FF47A72A4FB00030021DC
:10B9C000002300F2E730F4F711FC01F068FF86B1C4
:10B9D000E620FAF767FCC4B324484FF47A72A4FB5C
:10B9E00000030021002300F2E730F4F7FFFB01F031
:10B9F00056FF85B1E120FAF755FC44B31B484FF4DC
:10BA00007A72A4FB00030021002300F2E730F4F770
:10BA1000EDFB01F044FFF7B12C20FAF79BFCC4B119
:10BA2000124B4FF47A72A4FB03030021002300F2AF
:10BA3000E730F4F7DBFBBDE8F04101F030BF012057
:10BA40009DE70120AEE70120BFE70120CFE70120FD
:10BA5000DFE70120EFE7BDE8F08100BF040A01083D
:10BA6000A40A0108940A0108840A0108A0860100BA
:10BA7000F8B504462B480D46A1FB00034FF47A723B
:10BA80000023002100F2E730F4F7B0FB07462078EE
:10BA9000002846D0012840D16378013B032B03D80E
:10BAA000DFE803F0090F14190134A5B3384601F09B
:10BAB000F6FE0134EBE7A078A61CFAF74BFC3446FF
:10BAC000F3E7A078A61CFAF7A5FBF8E7A078A61C78
:10BAD000FAF7E8FBF3E700260A2014F8023F124ABF
:10BAE000D15C11F004010ED19EB140F2E730DFF8D5
:10BAF00034C04FF47A720023C6FB0C01F4F776FBD6
:10BB000001F0CDFED1E7303B00FB063614F8013FD3
:10BB1000E6E70120F4E70120C9E72946FFF706FF21
:10BB2000C7E7F8BDA086010069FE0008F8B5144615
:10BB300042791D469DF81870284B92B11C7000F098
:10BB4000D3FC274B188004F12003DBB2072B44D829
:10BB5000012004F00704A040C0B2BDE8F840FAF7A5
:10BB600001BC1E78A6422ED11D4B188800F0C1FCE6
:10BB7000C72828D8AE4205F1200415D006F12003CD
:10BB8000DBB2072B06D8012006F00706B040C0B292
:10BB9000FAF7F1FBE3B2072B06D8012005F0070303
:10BBA0009840C0B2FAF7DEFB3846E4B2FAF7D2FBAF
:10BBB000072C12D8012005F00705A840C0B2BDE847
:10BBC000F840FAF7D8BB04F12003DBB2072B04D806
:10BBD000012004F00704A040F0E7F8BDBA3D0020C2
:10BBE000B83D00200346A3F5F843183B07B50846C7
:10BBF000062B3BD8DFE803F0171E0410252C33007A
:10BC000026230093E12347F61A411A46FFF78EFFD9
:10BC1000002003B05DF804FB27230093E52347F6DB
:10BC20001B411A46F2E72623E022009347F618410B
:10BC3000E123EBE72723E422009347F61941E523AC
:10BC4000E4E72623E222009347F61C41E123DDE7E7
:10BC50002723E622009347F61D41E523D6E7282354
:10BC6000E522009347F61E410123CFE74B7913B13C
:10BC70000022024B1A700120CBE700BFBA3D002022
:10BC800038B547F67743984205D047F6784398424F
:10BC90001BD0012038BD4B7993B100F01FF8FAF7A3
:10BCA0001FFE00F01BF8044600F01EF8054600F0E9
:10BCB00021F8294602462046FAF718FF0020E9E756
:10BCC00000F00CF8FAF716FEEBE74B7913B100F031
:10BCD0000BF8E4E700F008F8F4E70000014B1878EF
:10BCE000704700BF2E100020014B1878704700BF2E
:10BCF0002D100020014B1878704700BF2C10002039
:10BD000040F2123008B5FBF74DFF262801D0002085
:10BD100008BD40F21330FBF745FF0528F7D14FF47B
:10BD20004570FBF73FFFA0F1230358425841EFE76E
:10BD300010B5041E0CBFFF21262140F21230FBF784
:10BD400099FF002C0CBFFF21052140F21330FBF7B7
:10BD500091FF002C08BFFF21BDE8104018BF232130
:10BD60004FF44570FBF786BF704708B540F21530B9
:10BD7000FBF718FF08BD704710B50446FFF7FBFF3F
:10BD8000E1B240F21530BDE81040FBF773BF08B5D3
:10BD90000020FFF7CDFF0020FFF7EEFFFFF74FF980
:10BDA000FFF7F0F9BDE808400120FFF7C1BF08B573
:10BDB000FFF7DAFFFFF7D9FFFFF7DDFFFFF7A0FF7F
:10BDC00018B9BDE80840FFF7E2BF08BDFEF7B2BBF7
:10BDD00008B50346487940B1A3F5EE427F2A03D85F
:10BDE000D8B2FFF7DBF9002008BD0120FCE710B551
:10BDF00003780446013B032B0BD8DFE803F0020B6A
:10BE00001215FEF769FCA023C0EB0020B0FBF3F095
:10BE1000607010BDFEF7B6FB0028F9D0FEF7F2FB0C
:10BE2000F6E7FEF7DFFCF3E7FEF74AFC6070FEF78B
:10BE30004DFCA070EDE738B503780446013B032BB9
:10BE40002BD8DFE803F002111E23FEF739FC05466C
:10BE5000FEF73CFCA023014662785A43120A2846AA
:10BE6000BDE83840FEF70EBC43781BB9BDE838404A
:10BE7000FEF778BBFEF764FB6078BDE83840FEF75C
:10BE8000A7BB4078BDE83840FEF79CBC8478457875
:10BE9000FEF722FC21460246E1E738BD034610F8D2
:10BEA000022B082A05D0092A05D0072A05D1FFF759
:10BEB000C2BFFFF79CBFFCF725BFFF221A70704777
:10BEC00008B54378032B03D1BDE80840FFF7E6BF70
:10BED000F6F762FE08BDF8B504460D46F6F7DCFE3F
:10BEE000002840F0D4802378013B142B46D8DFE8AB
:10BEF00003F00B15405A606C6F6F6F74457A7E8447
:10BF00008F9A9DA0ABB6BF00002363700C23A37073
:10BF100029462046BDE8F840F7F7DCBA6378013BD4
:10BF2000032B2BD8DFE803F0020C0F1F00F0A4FA5C
:10BF3000030EA370030CE370030A23716071E7E73B
:10BF4000FFF713FFF4E7A678E71C052E07F10207B9
:10BF5000DEDCF0B2FBF7E2FC030A07F8023C07F86C
:10BF6000010C0136F1E70023A370E37023716371C4
:10BF7000CEE76378022B04D0052B10D0FF2323706B
:10BF8000C6E7E378A07840EA0320237940EA03403B
:10BF9000637940EA036000BAFFF7EEFEB8E7A078E5
:10BFA000FFF714FFB4E7E278A1786078FEF7E4FFCA
:10BFB000C2E762792379A17843EA02235BBAE27887
:10BFC00060789BB2FEF7EEFFA2E7FFF738F89FE735
:10BFD00029462046FFF774FF9AE70020FFF7A8FEE6
:10BFE000FFF7D5FE94E7FFF7A0F8607090E7FFF742
:10BFF0009EF8030A6370A0708AE76078A378E178FE
:10C0000040EA032040BA221D80B2FFF793F87FE791
:10C010006078A378E17840EA032040BA221D80B21C
:10C02000FFF79DF874E7FFF7ADF871E7FEF798FFAB
:10C03000DBE76078A378E17840EA032040BA221D6C
:10C0400080B2FFF734F863E76078A378E17840EADC
:10C05000032040BA221D80B2FFF73FF858E7E2788C
:10C06000A178003A18BF01226078FEF7B0FF63E7BD
:10C0700062792379A17843EA0223E2785BBA003A35
:10C0800018BF012260789BB2FEF7BEFF40E7F8BD03
:10C09000014B1860704700BFC03D0020014B18687D
:10C0A000704700BFC03D0020024B186808B103680C
:10C0B00018477047C03D002008B5FFF7F5FF08BDE1
:10C0C000024B1B680BB15B6818477047C03D0020EE
:10C0D000034A12681AB10621017093681847704725
:10C0E000C03D0020034A12681AB102210170D368D2
:10C0F00018477047C03D00200B4B07B51A88824295
:10C100000ED01880094B1B6853B103228DF805002F
:10C11000000A8DF806001B698DF8042001A89847D5
:10C1200003B05DF804FB00BFBE3D0020C03D002011
:10C130000B4B07B51A8882420FD01880094B1B6839
:10C140005BB104228DF80500000A8DF806001B691A
:10C150008DF804200DEB0200984703B05DF804FB56
:10C16000BC3D0020C03D002010B50F4B0F4A1B689E
:10C1700012780233B2B10E4A92F90020002A11DA85
:10C180001E240C4B1B6802331946002011F8012BAA
:10C190000AB10130C0B2621A1A4402F0FF02002A4A
:10C1A000F4D110BD0624EFE7141000203810002051
:10C1B000D64100201010002030B3144B1B78B3B1CF
:10C1C000134B93F90030002B11DAEF284FEAD0021D
:10C1D00017D8104B00F007001B6813449A7801230E
:10C1E00003FA00F0024214BF1846002070470A4BC1
:10C1F0001B685A1C073312F8011F814203D09A4270
:10C20000F9D1002070470120704700BF381000208E
:10C21000D6410020101000201410002000224FF002
:10C22000FF3330B5441C14F8015F8D420BD0B3F1DD
:10C23000FF3F01D105B953B20132062AF3D15A1C8E
:10C2400001D01844817030BD002210B5431C073066
:10C2500013F8014F8C4208BF1A708342F8D110BD09
:10C26000EF294FEAD10307D818440123827801F05F
:10C2700007018B40134383707047EF294FEAD103C6
:10C2800008D801221844837801F007018A4023EA84
:10C290000203837070470000084B01461B7843B1CE
:10C2A000074B93F90030002B03DA064B1868FFF7B1
:10C2B000D7BF054B1868FFF7B1BF00BF381000208B
:10C2C000D64100201010002014100020084B014619
:10C2D0001B7843B1074B93F90030002B03DA064B70
:10C2E0001868FFF7CABF054B1868FFF7ADBF00BF5E
:10C2F00038100020D641002010100020141000201B
:10C30000094B1B785BB1094B93F90030002B06DA1F
:10C310001E22074B186800210230F4F7ADB8054B18
:10C3200006221868F7E700BF38100020D641002029
:10C33000101000201410002042784B789A421DD132
:10C3400090F902301BB191F902209A4216D190F96E
:10C3500003301BB191F903209A420FD190F90530B7
:10C360001BB191F905209A4208D190F9040030B12F
:10C3700091F90430181A18BF012070470120704746
:10C38000704708B5FFF7FCFF08BD000008B5013095
:10C39000024BC0B21870FFF7F4FF08BDC43D002087
:10C3A000032008B5024B1870FFF7EBFF08BD00BF74
:10C3B000C43D0020FFF7EABF012008B5024B18700A
:10C3C000FFF7DFFF08BD00BFC43D0020FFF7F4BF4B
:10C3D000704770477047704710B5FFF7F9FF0024AA
:10C3E000FBF75EFBFFF7F5FFE0B2FBF797FA18B932
:10C3F0000134062CF8D110BD0120FCE708B501F08E
:10C40000BFFBBDE8084001F09DB808B5F9F775FE1F
:10C41000BDE8084040F2A46001F041BA08B5FAF75F
:10C42000ABFDFAF7BFFDFFF76BFFFFF793F90020B5
:10C43000FFF762FE0020FFF77BFEBDE80840F9F73A
:10C4400068BE0000302383F31188064BDA69064B7F
:10C450001A600023054A1360054A136083F31188AC
:10C46000704700BF08440020D03D0020CC3D002094
:10C47000C83D0020FFF7E6BF302370B583F3118875
:10C48000124B13481349DC6903680A68E41AA24294
:10C49000114A0AD9A3F58333E03B036010680F4BC0
:10C4A00004F583340344E03413600C601668002103
:10C4B00081F311884FF47A7509480023E4FB0501E4
:10C4C000084AF3F793FE304470BD00BF08440020D3
:10C4D000D03D0020CC3D0020C83D002088598F026F
:10C4E0009F860100A086010008B5FFF7C5FF80B256
:10C4F00008BD10B50446FFF7BFFF001B80B210BD9A
:10C5000010B50446FFF7B8FF001B10BDBFF34F8FF7
:10C510000549064BCA6802F4E0621343CB60BFF3DF
:10C520004F8F00BFFDE700BF00ED00E00400FA05FB
:10C5300008B5024A024B1A60FFF7E8FFEFBEADDE16
:10C54000FC6F00200A4A08B552F8041C094B9942B6
:10C550000CD1002342F8043C83F31488064B1A687C
:10C5600082F3088862B65B689847FEE708BD00BFA3
:10C5700000700020EFBEADDE00E0FF1F08B5FFF742
:10C58000C5FF0000184B10B51C785CBB01220821C8
:10C590001A701648224602F035FC22462021134824
:10C5A00002F030FC22461021104802F02BFC4FF420
:10C5B0007A7001F074F941F6822208210B4802F0EA
:10C5C00021FC40F282222021084802F01BFC40F2AC
:10C5D00082221021054802F015FC054801F03CFEBE
:10C5E000044B1C7010BD00BFD43D0020000400406F
:10C5F0004C460020EC3D0020F8B505461A481C4684
:10C60000174601F091FE194B187850BB6A1C20D0D8
:10C61000FCB1174EA4003482032F05D8DFE807F0E1
:10C62000021A1D1F0022F260012405F00F012246AC
:10C6300025F00F00B16004FA01F11C70706002F087
:10C64000E1FB0B49084801F0F9FD074801F012FE33
:10C650002046F8BD4FF48002E5E78022E3E7054A73
:10C66000E1E70020F5E700BF4C460020EC3D00204C
:10C67000D83D0020800040001FB501218DF8070043
:10C680000DF10F0304480DF1070201F01AFE9DF8A9
:10C690000F0005B05DF804FB4C460020002307B5F1
:10C6A000012106480DF107028DF8073001F02BFE3D
:10C6B0009DF8070003B05DF804FB00BF4C46002066
:10C6C00008B50246024801F00DFE002008BD00BF7B
:10C6D0004C46002008B50246024801F014FE002036
:10C6E00008BD00BF4C46002010B5084C23783BB174
:10C6F000074801F0CDFD064801F0AEFD0023237090
:10C700000348BDE8104001F012BE00BFEC3D002020
:10C710004C4600200E4B10B51A78BAB901220D4CC8
:10C720001A70206040F282324FF480610A4802F0B1
:10C7300069FB4FF40061084840F2823202F062FB6C
:10C740002146BDE81040054801F038BD10BD00BFCE
:10C75000ED3D00203010002000080040F044002093
:10C760004FF0FF3108B5024801F008FCC0B208BD27
:10C77000FC4400200A464FF0FF330146014801F017
:10C78000A2BC00BF2045002008B5034801F03BFDD6
:10C7900080F00100C0B208BDF044002070B590F8F0
:10C7A0004420044602F07F03212B4CD112F0800F6D
:10C7B00090F845301BD0022B15D0032B05D0012B50
:10C7C00015D1BDE8704000F019BD90F8483090F8E0
:10C7D000491053EA012336D1304A82630122E263D1
:10C7E0002364012070BDBDE8704000F033BE0A2B09
:10C7F00020D00B2B0FD0092B25D194F8483094F87A
:10C80000491043EA012323F00203E3B9244B022237
:10C81000A363244BE3E794F8492094F8483053EAA3
:10C82000022302BF94F846201C4B1A700022A26318
:10C830000023D4E794F847201B4B20461A70BDE82C
:10C84000704000F02FBE02F09F02812A16D194F8AA
:10C850004530062B12D194F84920616894F848308D
:10C860004D6843EA0223204694F8472094F8461086
:10C87000A84760B143680268A363D9E703250B4E5C
:10C88000D6F89C302BB9013D06F1A806F8D100205E
:10C89000A8E7204698470028F5D0A2E738100020E6
:10C8A000F83D0020F5C80008FC3D0020D81000200D
:10C8B000F8B50F4C0022234643F8042F90F84B7034
:10C8C00090F8496090F8465090F84A2090F8481047
:10C8D00090F8470042EA072241EA062145EA002093
:10C8E00000F0F0F920606068002818BF2046F8BD0D
:10C8F000F03D002090F84A2090F84B00084942EAA9
:10C900000022022A0B7807D1012B01D0062B05D17A
:10C910004A78044B1A707047024A1370704700BF80
:10C92000F83D0020FB3D002010B5064A064C11786A
:10C9300024784B1C03F00F039C421EBF034C137062
:10C94000605410BDFA430020FB430020EA4300205E
:10C95000084608B5052935D8DFE801F02034032062
:10C960002035302383F31188214800F0D0FA214884
:10C9700000F0CDFA204800F0CAFA204800F0D7FABB
:10C98000002383F311881E4B1B7813B10520FFF79A
:10C99000CBFF0220BDE80840FFF7C6BFFFF7C4FF8A
:10C9A000302383F31188124800F08AFA114800F00E
:10C9B00087FA114800F084FA104800F095FA002335
:10C9C00083F3118808BD302383F31188084800F0F1
:10C9D00098FA084800F095FA074800F092FA0748DC
:10C9E00000F092FA002383F311880520D2E700BFFC
:10C9F000D8100020801100202812002050100020A4
:10CA0000FA3D0020102208B500210448F3F734FD58
:10CA10000023034A1370034A137008BDEA43002041
:10CA2000FA430020FB430020F8B5284D284C002293
:10CA30002E782378B3422FD102B12370F8BD237032
:10CA4000244B1870244B93F84F10081E18BF012078
:10CA5000FFF7A6FCEBE7002223701E4B1A70FFF7CE
:10CA6000DDFC1D4B93F84F10081E18BF0120FFF787
:10CA7000A1FCDCE72370184B93F84F10081E18BF79
:10CA80000120FFF783FCD2E7002123700846F8E776
:10CA90002370FFF791FCCAE7194601220F480133C2
:10CAA000415C03F00F0310460529C3D801A757F8CE
:10CAB00021F000BF91CA000835CA000875CA0008F5
:10CAC00089CA00083FCA000857CA0008FA43002074
:10CAD000FB430020FA3D0020B4460020EA4300203A
:10CAE00070B50546184C204600F064F904F1A8061C
:10CAF000204600F08FF9304600F05CF904F5A87488
:10CB0000304600F087F9204600F054F920460F4CDB
:10CB100000F080F9204600F069F9204600F08AF91B
:10CB2000284602F039F8284601F025FC41F2883009
:10CB300000F0B5FE2846064901F00AFC2846BDE88B
:10CB4000704002F007B800BFD8100020501000203D
:10CB5000B40A01082DE9F04104461E4D02F01CF80C
:10CB6000204601F008FC05F1A808284600F071F9FC
:10CB7000194E05F5A877404600F06BF9384600F0ED
:10CB800068F9304600F088F941F2883000F087FEFD
:10CB9000284600F00FF9284600F03CF9404600F026
:10CBA00009F9404600F036F9384600F003F93846F6
:10CBB00000F030F9304600F019F9304600F03AF94B
:10CBC0002046064901F0C4FB2046BDE8F04101F0D3
:10CBD000C1BF00BFD810002050100020B40A0108C7
:10CBE000014B1878704700BFFB3D002037B500238C
:10CBF000A825054C009305FB004042F2107300F09D
:10CC00000DFA03B030BD00BFD81000200146082245
:10CC10000120FFF7EBBF014620220020FFF7E6BF0F
:10CC2000014606220020FFF7E1BF01460322002053
:10CC3000FFF7DCBF10B5084C88B0002320226946FE
:10CC4000204600F055FA08B908B010BD202168460A
:10CC5000FFF741F9F1E700BF50100020FFF772BC69
:10CC60007047704708B5FFF7F9FF01F0F3FDFFF7D4
:10CC7000F7FF08BD08B501F009FEFFF7F2FF08BD98
:10CC8000FFF7A4BB08B5FFF7BDFE0648FFF728FF76
:10CC9000054B064A41F288301A60BDE8084000F0B2
:10CCA000FEBD00BFB4460020003E00203C10002026
:10CCB000014B1868FFF7ECB9003E0020FFF7B4BE47
:10CCC00000F04EBB020A032A0FD007D8012A23D056
:10CCD000022A07D15B20124A1A607047212A0DD020
:10CCE000222A12D000200246F6E7C0B20228F9D864
:10CCF0000C4A0D4952F82020405CEDE70229F1D89A
:10CD00000A4A092052F82120E6E70229EAD8084A0F
:10CD1000084852F82120EFE71220074ADCE700BF5D
:10CD20000E0B0108E40A0108E00A0108D40A010810
:10CD3000C80A0108C40A0108690B010813B5446B4D
:10CD4000D4F888201378042B13D1012394F88C1085
:10CD500012898B4013420CD1204601A900F0EEFF4E
:10CD6000024630B1019B94F88C10D4F8880001F091
:10CD70007BFB02B010BD10B5026F04461378042B84
:10CD800013D1012390F8741052898B4013420CD1B7
:10CD900000F02BFF024640B1E36994F87410206F55
:10CDA000043BBDE8104001F04DBB10BD406BFFF7E8
:10CDB000E2BF00001FB500F15C03C36490F884304B
:10CDC00013B100F170030365074B01210193D0F803
:10CDD0009030D0F8982000930290D0F8943000F072
:10CDE0008AFF05B05DF804FB3DCD00081FB500F1DA
:10CDF0005C030365064B01210193836FD0F880200B
:10CE000000930290C36F00F0CEFE05B05DF804FB06
:10CE1000ADCD0008302383F31188D0F8883090F826
:10CE20008C2003EB82039861002380F8A03083F309
:10CE300011887047302383F3118890F87430026FA3
:10CE4000093342F82300002380F8843083F31188EB
:10CE5000704710B53023044683F3118890F88C2076
:10CE6000D0F88830053203EB820300225A60012398
:10CE70006FF00101037200F052FD204600F052FFF6
:10CE8000D4F8A43013B1DA681868904700F070FC49
:10CE9000002383F3118810BD10B53023044683F3BB
:10CEA000118801236FF00101037200F038FD204664
:10CEB00000F090FE00F05CFC002383F3118810BDAD
:10CEC000012310B5044603726FF0010100F027FD45
:10CED000204600F027FFD4F8A43023B1BDE810406D
:10CEE000DA681868104710BD012310B504460372B4
:10CEF0006FF0010100F013FD2046BDE8104000F086
:10CF000069BE00230372704700230372704710B597
:10CF1000044690F88C1000F13802D0F8880001F037
:10CF200053FA204600F0FEFE0023237210BD10B518
:10CF3000044600F04FFE002320462372BDE8104057
:10CF4000FFF719BF00EB8103F7B59C6905460E4654
:10CF500084B3302383F311880023226984F8A0303E
:10CF600063699A4201D1E368B3B905EB8603DB68D4
:10CF70005B691B6883B1D4F8A43053B101A9204682
:10CF800000F0DCFED4F8A43001469F68019A1868CE
:10CF9000B847204600F0E0FE204601A900F0CEFE92
:10CFA000024648B1019B3146284601F05DFA002354
:10CFB00083F3118803B0F0BD05EB8603DB681A68C4
:10CFC000022AF4D15A691268002AF0D01B8A013B68
:10CFD0001340ECD105F14402E5E701F1090210B577
:10CFE00050F82240CCB1302282F3118800EB81034B
:10CFF000DB689B695B6853B1236F94F8742020460B
:10D0000003EB8203DB689B69596800F0F8FD20465A
:10D01000FFF7B1FE002383F3118810BD2DE9F8431B
:10D020001D4604460F46164630239DF8208083F3A4
:10D030001188D0F8883000201B78042B03D080F3AF
:10D040001188BDE8F88394F8A03023B101354FF082
:10D05000FF3518BF002580F311882B46324639462C
:10D06000204600F0B4FE86421DD9302383F3118898
:10D0700094F8A0304FF00009002808BF43F00103E6
:10D0800084F8A03001236FF001012372204600F0E4
:10D0900046FC204600F046FE84F8089000F068FB4D
:10D0A00089F31188D9E7B8F1000F01D00120C8E752
:10D0B000204600F0CFFEF9E7302383F311880269A0
:10D0C00043699A4210D1C36883B10123D0F8882004
:10D0D00090F88C1012898B4013420CBF0120002065
:10D0E000002383F3118870470020F9E71846F7E71B
:10D0F00038B515460446302282F31188026F0020AD
:10D100001278042A02D080F3118838BD94F8842064
:10D1100022B101334FF0FF3318BF002380F3118891
:10D120002A46204600F0A6FDB0FA80F35B0984F899
:10D1300084302B1A58425841E7E70000006810B4C9
:10D1400040B1054C8264E469083040F8044C10BCDE
:10D15000F3F72ABB10BC704708440020016813464F
:10D1600031B18A6C03F108009A640831F3F71CBBF3
:10D17000704710B50446006840B1826C0021083049
:10D18000F3F77AF9002223681A605A6010BD000094
:10D1900010B40C78082C0BD850F8240040B1054C82
:10D1A0008264E469083040F8044C10BCF3F7FCBA20
:10D1B00010BC7047084400200829134609D850F8CD
:10D1C000211031B18A6C03F108009A640831F3F739
:10D1D000EBBA704770B50026051F00F1200455F822
:10D1E000040F38B1826C00210830F3F745F92B6841
:10D1F0001E605E60A542F2D170BD000038B590F8A7
:10D2000048300446022B1CD890F84610082918D83C
:10D210000D4AD25C022A14D8A8200C4B00FB023322
:10D22000D3F8A40060B10A4D43682A4600689847C5
:10D2300005F10803A363AB6C0120E36300232364BF
:10D2400038BD0020FCE700BF18150020D8100020D2
:10D2500034400020036843B19100196003490B7802
:10D26000002A18BF43F001030B7070478040002074
:10D27000006810B10068C0F387007047036870B59C
:10D280000BB9002070BD302383F31188036800219F
:10D290001C685B6881F31188002CF2D04FF47A7619
:10D2A000074A0848D569084AED1AE5FB060100233C
:10D2B000F2F79CFF84428CBF00200120E2E700BF10
:10D2C000084400209F860100A08601004B1E072B0A
:10D2D0000BD850F8213043B19100196003490B7805
:10D2E000002A18BF43F001030B70704780400020F4
:10D2F000082906D850F8210020B10068C0F3870043
:10D300007047002070470000082970B501D900203F
:10D3100070BD50F82130002BF9D0302383F31188F1
:10D3200050F8213000211C685B6881F31188002CC3
:10D33000EDD04FF47A76074A0748D569074AED1AC7
:10D34000E5FB06010023F2F751FF84428CBF002069
:10D350000120DDE7084400209F860100A08601002F
:10D360002DE9F84F384B1B78002B40D000254FF0AB
:10D3700030082E46A946354FD7F8A440002C2FD0B0
:10D38000002D36D14FF0010A88F311885FFA8AFB2D
:10D390005946636920689847002818BF46F001067F
:10D3A00089F311882948FFF787FEA0B15946A36980
:10D3B0002068984778B188F31188254A59466368F0
:10D3C0002068984789F31188214B00209A6C03F15B
:10D3D0000801FFF70BFC0AF1010ABAF1090FD3D1DA
:10D3E0000135032D07F1A807C6D1174B1E70BDE804
:10D3F000F88F88F311880021636920689847834675
:10D4000089F311883846FFF757FE20B10021A36940
:10D410002068984728B9BBF1000F18BF46F00106F5
:10D42000DEE788F31188DFF828A000215246636800
:10D430002068984789F31188DAF848200AF1080132
:10D44000E8B2FFF7D3FBE6E780400020D8100020C9
:10D45000E83F002010B590F848300446022B19D858
:10D4600090F84610082915D80B4AD25C022A11D828
:10D47000A8200A4B00FB0233D3F8A40048B143694B
:10D4800000689847064B1870A36301200023E063EF
:10D49000236410BD0020FCE718150020D8100020E0
:10D4A000E43F002010B590F848300446022B19D80C
:10D4B00090F84610082915D80B4AD25C022A11D8D8
:10D4C000A8200A4B00FB0233D3F8A40048B103693B
:10D4D00094F847200068984700230120A363E36382
:10D4E000236410BD0020FCE718150020D810002090
:10D4F00070477047FEE70000F0B50820002610498D
:10D5000091E81C001D46043AAC4210D8E21CD21A25
:10D51000DD1E22F00302A54288BF00221344CA6820
:10D520009A4209D8013801F11001E9D1F0BD52F851
:10D53000047F45F8047BE7E743F8046BF0E700BF9E
:10D54000980C010838B501230025074C237065604D
:10D5500000F0EAFA0549064800F018F902232370A2
:10D5600085F3118838BD00BF00440020180D010864
:10D570000844002072B60322024BD865024B1A7091
:10D58000FEE700BF084400200044002000F03CB843
:10D59000034A516853685B1A9842FBD8704700BF32
:10D5A000001000E010B50A4C23699A6891420CD82B
:10D5B0005A6881600360426010609A685860521A2D
:10D5C0009A604FF0FF33A36110BD1B68891AECE726
:10D5D0000844002010B40361002310BCC260436102
:10D5E000FFF7E0BF036881689A680A449A6042685E
:10D5F00013605A6000234FF0FF320360014B9A61C1
:10D60000704700BF0844002070B5124D2A46EB69F0
:10D610000133EB6152F8103F934206D030269A68EE
:10D62000013A9A602C69A36803B170BD22686168F1
:10D630000A605160236083F311882046E368216902
:10D64000984786F3118861690029EBD02046FFF7DF
:10D65000A9FFE7E7084400200023826803750369F7
:10D660001B6899689142FBD25A680360426010605F
:10D670005860704700238268037503691B689968C6
:10D680009142FBD85A68036042601060586070474E
:10D6900008B50846302383F311880A7D0023052A44
:10D6A00006D8DFE802F00B050503120E826913604D
:10D6B0004FF0FF338361FFF7CFFF002383F311881F
:10D6C00008BD826993680133936042680368136000
:10D6D0005A60EDE7FFF7C0BF054BD96808751868B9
:10D6E000026853601A6001220275D860F2F768BDC3
:10D6F0000844002030B50C4B0446DD684B1C87B055
:10D700000FD02B466846094AFFF764FF2046FFF713
:10D71000E3FF009B13B16846FFF764FFA86907B0F9
:10D7200030BDFFF7D9FFF9E70844002091D6000883
:10D73000044B1A68DB6890689B68984294BF00208D
:10D740000120704708440020084B10B51C68D868B9
:10D75000226853601A6001222275DC60FFF78AFF9D
:10D7600001462046BDE81040F2F72ABD08440020DB
:10D77000044B1A68DB6892689B689A4201D9FFF7EC
:10D78000E3BF70470844002030BFFDE770B50025B7
:10D7900004461A4B86B0856201630E46586000F05D
:10D7A0007DF904F11003236163614FF0FF33A3613E
:10D7B000134BE561D9692B460A462046C4E9082384
:10D7C00004F1340180230F4A24606460A560E5629F
:10D7D000E56500F01DF801230B4AE0600375009237
:10D7E000726868460192B268CDE90223074BCDE921
:10D7F000043500F03FF806B070BD00BF00440020C3
:10D8000008440020FFFF00080400010889D7000831
:10D8100002228B604B62002308618A8208460B62F9
:10D82000CB6170478368C168A3F14C0243F81C2C9C
:10D83000026943F84C2C42690C4843F8482C0C4AC6
:10D8400043F8180C43F82C2C022203F8142C002265
:10D8500043F8201C03F8132C43F8041C43F8082C4D
:10D8600043F80C2CA3F12800704700BF08440020A7
:10D87000D101000808B5FFF7D5FFBDE80840FFF764
:10D8800029BF0000024BDB6898610F20FFF724BF1F
:10D8900008440020302383F31188FFF7F3BF08B555
:10D8A0000146302383F311880820FFF723FF00236C
:10D8B00083F3118808BD0000054BDB6821B10360CC
:10D8C00098610320FFF716BF4FF0FF30704700BF8D
:10D8D000084400200346006820B100221A608161DC
:10D8E000FFF7F8BE70470000064BDB6839B14268AD
:10D8F00018605A60136043600420FFF7FBBE4FF0CE
:10D90000FF3070470844002003460068834205D07A
:10D9100002681A6053608161FFF7DCBE704738B55A
:10D9200004460D462068844200D138BD0368236058
:10D930005C608561FFF7CEFEF4E7034610B51B6817
:10D94000984203D09C688A689442F8D25A680B6067
:10D950004A601160596010BD002300604060836020
:10D960007047000038B58168164B0446DD6891B9F0
:10D970002B6A8560C360286238BD8B600B7D7BB1EC
:10D98000062B14D10B684A68886913605A60FFF748
:10D99000D4FF8B699968AB688A689A42EDD306E038
:10D9A0004A680B68084613605A60FFF793FE2046EA
:10D9B0002946FFF7C2FFAC610620BDE83840FFF7FB
:10D9C0008BBE00BF0844002008B5302383F31188C4
:10D9D000FFF7C8FF002383F3118808BD154A0346EB
:10D9E000D16810B5302282F31188C26800680A62DB
:10D9F00098421BD0486A82B98860186802681A6029
:10DA00005360026A9860DA600362FFF763FEFFF713
:10DA1000AFFE002383F3118810BD1468A24203D027
:10DA2000A468A04238BF2046D268E4E700238360A0
:10DA3000EFE700BF08440020C3691943037DC161BB
:10DA40000A2B03D18369194205D170470B2B06D1EC
:10DA500083698B4303D100238361FFF73BBE70478B
:10DA600070B506460D460468B44200D170BDE36847
:10DA70002B43E36015B123691D4203D0A1686068A0
:10DA8000FFF7DAFF2468EFE7EFF30983203383F32E
:10DA90000988002383F3118870470000302080F349
:10DAA000118862B60C4B0D4AD96821F4E061090473
:10DAB000090C0A43DA60D3F8FC20094942F080726D
:10DAC000C3F8FC200A6842F001020A602022DA77DB
:10DAD00083F82200704700BF00ED00E00003FA0564
:10DAE000001000E0302310B583F311880B4B5B6806
:10DAF00013F400630FD0EFF309844FF08073203CE0
:10DB0000E36184F30988FFF713FE10B1044BA361AE
:10DB100010BD044BFBE783F31188F9E700ED00E04B
:10DB2000E3010008E6010008024B034A1A60034AB9
:10DB30005A607047684400200847002000700020A9
:10DB4000094B30B51C684D1E224449422A440A4004
:10DB500059681044884204D8A04202D31860104685
:10DB600030BD0022FBE700BF6844002008B5302329
:10DB700083F31188FFF7E4FF002383F3118808BDC6
:10DB800008B500F031FF01F02FF900F0F4FA00F0D1
:10DB900049FB00F0CFFBFFF76DF8BDE8084000F04F
:10DBA00000B801F089B930B501720021039C04333B
:10DBB00004FB0325C361049B00600363059B406075
:10DBC000C160426102618561046242628162C16238
:10DBD000436330BD0022416AC260416101618262DB
:10DBE0006FF00101C262FFF79ABE03694269934276
:10DBF00001D1C2680AB9181D704700207047036937
:10DC00001960C26800210132C260C269134482698E
:10DC10000361934224BF436A0361FFF775BE38B5C1
:10DC200004460D46E3683BB162690020131D12688B
:10DC3000A3621344E36207E0237A33B929462046FE
:10DC4000FFF752FE0028EDDA38BD6FF00100FBE768
:10DC5000C368C269013BC36043691344826943617D
:10DC6000934224BF436A436100238362036B03B181
:10DC7000184770472DE9F84F04460F4691469A46DB
:10DC80004FF0300888F311880026B346A56A4DB9D5
:10DC900051462046FFF7C3FF20B185F31188304677
:10DCA000BDE8F88FA16AE56AA9EB06036D1A9D42EB
:10DCB00028BF1D46402D15D938464022F2F774FD85
:10DCC000A36A403740334036E26AA3629A4202D8E0
:10DCD0002046FFF7BDFF8BF311884E45DFD288F356
:10DCE0001188D3E738462A46F2F75EFDA36A2F442F
:10DCF0002B442E44E8E710B5029C04330172C36143
:10DD000003FB042100238362C362039B006003635F
:10DD1000049B4060C46042610261816104624262AE
:10DD2000436310BD026A6FF00101C260426A426142
:10DD3000026100228262C262FFF7F1BD03464069C0
:10DD40001A69824201D1DB681BB950F8043B0B60B1
:10DD5000704700231846FAE7C368C2690133C360FD
:10DD600043690021134482694361934224BF436A9B
:10DD70004361FFF7C9BD38B504460D46E3683BB1C2
:10DD8000236900201A1DA262E2691344E36207E0DE
:10DD9000237A33B929462046FFF7A6FD0028EDDA9D
:10DDA00038BD6FF00100FBE703691960C268013AF2
:10DDB000C260C269134482690361934224BF436A0B
:10DDC000036100238362036B03B1184770472DE999
:10DDD000F84F04460F4691469A464FF0300888F3B4
:10DDE00011880026B346A56A4DB951462046FFF773
:10DDF000C2FF20B185F311883046BDE8F88FA06AD4
:10DE0000E56AA9EB06032D1A9D4228BF1D46402D49
:10DE100017D939464022F2F7C7FCA36A403740338E
:10DE20004036E26AA3629A4204D8E1692046043986
:10DE3000FFF7BAFF8BF311884E45DDD288F31188C6
:10DE4000D1E739462A46F2F7AFFCA36A2F442B44A8
:10DE50002E44E6E7302208B582F31188816A29B1A1
:10DE600003690439C91A01D0FFF79EFF002383F329
:10DE7000118808BDF8B5154682680B46AA4281692B
:10DE8000066938BF8568761AB54204460BD22A4621
:10DE90001846F2F789FCA2692A44A36828465B1B4E
:10DEA000A261A360F8BD0CD918463246F2F77CFC9B
:10DEB000AF1B3A46E1683044F2F776FCE368DA19C2
:10DEC000EBE72A461846F2F76FFCE268E5E72DE932
:10DED000F0410446154683682769934238BF856838
:10DEE00040690E463F1ABD420BD22A46F2F75CFC4F
:10DEF00062692A44A36828465B1B6261A360BDE88F
:10DF0000F0810DD93A46A5EB0708F2F74DFC4246E1
:10DF1000E068F119F2F748FCE36803EB0802E9E76F
:10DF20002A46F2F741FCE268E4E710B50024C36139
:10DF3000029BC16081614161114400604060846066
:10DF40000161036210BD08B582694369934201D142
:10DF5000826882B98268013282605A1C42611970FB
:10DF60000369426900219A4224BFC3684361FFF7F5
:10DF7000CBFC002008BD4FF0FF30FBE770B530232D
:10DF800004460D4683F31188A668A6B1A368A2696A
:10DF9000013BA360531CA36115782269934224BFFF
:10DFA000E368A361E3690BB120469847002383F33C
:10DFB0001188284607E029462046FFF795FC0028EF
:10DFC000E2DA86F3118870BD2DE9F74F05460F465A
:10DFD00014469946D0F81CA04FF0300888F31188F9
:10DFE0004FF0000B164666B1324639462846FFF719
:10DFF00041FF034660B949462846FFF775FC0028F3
:10E00000F2D0002383F31188A01B03B0BDE8F08F8A
:10E01000BAF1000F03D001902846D047019B8BF343
:10E020001188F61A1F4488F31188DCE7C361009B4E
:10E03000C1608161416111440060406082600161A2
:10E0400003627047F8B504460D461646302383F345
:10E050001188A768A7B1A368013BA36063695A1C34
:10E0600062611D70236962699A4224BFE36863613B
:10E07000E3690BB120469847002080F3118807E040
:10E0800031462046FFF730FC0028E2DA87F311889A
:10E09000F8BD8369426910B59A4201D182687AB9A4
:10E0A00082680021013282605A1C82611C780369F7
:10E0B0009A4224BFC3688361FFF726FC204610BD47
:10E0C0004FF0FF30FBE72DE9F74F05460F461446AA
:10E0D0009946D0F81CA04FF0300888F311884FF013
:10E0E000000B164666B1324639462846FFF7EFFE6A
:10E0F000034660B949462846FFF7F6FB0028F2D0F0
:10E10000002383F31188A01B03B0BDE8F08FBAF1A0
:10E11000000F03D001902846D047019B8BF3118854
:10E12000F61A1F4488F31188DCE70C30FFF74CBF68
:10E130004FF0FF330C30FFF747BF3030FFF7C3BF5E
:10E140004FF0FF333030FFF7BEBF0C30FFF716BF84
:10E150004FF0FF310C30FFF711BF3030FFF772BFC7
:10E160004FF0FF323030FFF76DBF012914BF6FF061
:10E1700013000020704700F03BBF000037B5154684
:10E1800002460B460C49044642F8041B4260012239
:10E1900000F154010272009080220C30FFF7C5FE9E
:10E1A0002B468022009404F1D40104F13000FFF7E3
:10E1B0003DFF03B030BD00BF240D010810B5302372
:10E1C000044683F3118800F025FF02230020237208
:10E1D00080F3118810BD38B5436904460D461BB95C
:10E1E00004210844FFF73CFC294604F10C00FFF72A
:10E1F000AAFE002806DA201D4FF40061BDE8384071
:10E20000FFF72EBC38BD302383F31188002340690B
:10E2100083F31188B0FA80F0400970474FF0FF3166
:10E22000FFF74ABB00F0CABF0123037000230C3084
:10E2300040F8083C40F8043CFFF78EBB10B5302393
:10E24000044683F31188416000F0CEFF02230020D2
:10E25000237080F3118810BD10B53023044683F37A
:10E26000118801F035F8002301226360227083F3E6
:10E27000118810BD302383F31188436899685A6868
:10E280004FF480338B409361002383F311887047F0
:10E29000302383F31188436899685A6801238B40BF
:10E2A0009361002383F31188704710B5302484F301
:10E2B00011880324047001F04CF8002383F31188C3
:10E2C00010BD38B50446302585F31188032504F8C0
:10E2D000085B01F029F82046FFF7A0FF002383F335
:10E2E000118838BD10B53023044683F31188032309
:10E2F00004F8083B01F02DF82046FFF78FFF0023BC
:10E3000083F3118810BD10B53023044683F31188C0
:10E31000032304F8083B01F032F82046FFF77EFFA4
:10E32000002383F3118810BD0C30FFF74DBB0C3078
:10E33000FFF754BB01F03ABA012303700023C36115
:10E3400083620362C3624362036343608360704716
:10E3500038B50446302383F3118800254160C56039
:10E3600005614561856101F027FA0223237085F379
:10E370001188284638BDF8B50446302383F3118848
:10E38000002601F031FA254601233746666005F87C
:10E39000083B183455F8043F73B1586920B16FF049
:10E3A00001010C30FFF796FA2B68986920B16FF0E5
:10E3B00001010C30FFF78EFAA5422E60EAD1FFF77B
:10E3C000D7F987F31188F8BD70B500EB81030546D6
:10E3D00050690E461446DA6018B114220021F2F793
:10E3E0004BF8A06918B114220021F2F745F8314624
:10E3F0002846BDE8704001F015BAF8B5044600277C
:10E40000836800F10C0503F00113836000F1180626
:10E4100055F8043F73B1586920B16FF001010C3019
:10E42000FFF758FA2B68986920B16FF001010C30A2
:10E43000FFF750FAB5422F60EAD12046BDE8F84018
:10E4400001F07ABAF0B4012500EB8104E468478951
:10E45000A4698D403D43458123600023A260636031
:10E46000E360F0BC01F0D2BAF0B4012500EB810406
:10E47000E468078964698D403D430581236000237A
:10E48000A2606360E360F0BC01F0DEBA10B503780F
:10E49000052B0FD1084CC820E37A43F00803E37240
:10E4A000637843F004036370FFF7F9F9637803F0CE
:10E4B000FB03637010BD00BF004001402DE9F04731
:10E4C00000260223054604464FF03008B14603708B
:10E4D000C66400F1180745F8086F55F8043F9BB172
:10E4E00088F311882B68586920B16FF001010C3056
:10E4F000FFF7F0F92B68986920B16FF001010C303B
:10E50000FFF7E8F989F31188BD422E60E5D1204676
:10E5100084F8346001F0F2F963681B6823B1204687
:10E52000BDE8F04700211847BDE8F087F8B503784B
:10E530000446052B27D080F850300523037043682C
:10E540001B680BB10421984725460026302745F863
:10E55000086F183455F8043F9BB187F311882B6876
:10E56000586920B16FF001010C30FFF7B3F92B6847
:10E57000986920B16FF001010C30FFF7ABF986F319
:10E580001188A542E6D1F8BD0178052906D190F899
:10E590005020436802701B6803B1184770470000A1
:10E5A000F8B590F8343004460E4613B1002380F8D5
:10E5B00034303146204604F1440201F00BFA63681E
:10E5C0009B68B3B994F8443013F0600538D000214B
:10E5D000204601F079FA0021204601F067FA6368CD
:10E5E0001B6813B1062120469847062384F834306F
:10E5F000F8BD204698470028E4D094F84B2094F8C2
:10E600004A3043EA0223E26B9A4294F9442088BFDD
:10E61000E363002AE36B80F20681002B00F0FA80AE
:10E62000092384F83430302383F3118800212046F5
:10E63000E36BA26BFFF718FF002383F31188D7E782
:10E6400094F8452003F07F0343EA022340F20232AC
:10E65000934200F0CC8021D8B3F5807F4DD00DD807
:10E66000012B44D0022B00F09880002BAFD104F195
:10E670004C02A2630222E2632364BEE7B3F5817F0A
:10E6800000F0A280B3F5407FA1D194F84630012B71
:10E690009DD1B4F84C3043F0020337E0B3F5006F7E
:10E6A00052D01CD8B3F5A06F36D0A3F5C063012BB0
:10E6B0008DD894F84920616894F848304F6843EA4F
:10E6C0000223204694F8462094F84710B8470028C3
:10E6D0003FF47DAF4368A3630368E3631AE0B3F5D7
:10E6E000106F36D040F6024293427FF470AF564B23
:10E6F000A3630223E3630023BEE794F84630012BB3
:10E700007FF465AFB4F84C3023F00203A4F84C302A
:10E71000A563E563256470E7B4F84430B3F5A06FF2
:10E720000ED194F84630204684F84E3001F072F84D
:10E7300063681B6813B101212046984703232370A7
:10E740000023A363E36397E704F14F03A36301236B
:10E75000C3E72378042B10D1302383F3118820469C
:10E76000FFF74BFE85F311880321636884F84F504F
:10E7700021701B680BB12046984794F84630002B57
:10E78000DED084F84F300423237063681B68002BAD
:10E79000D6D0022120469847D2E794F9483094F821
:10E7A0004810002B204601F00F010ADA01F0FAF8B8
:10E7B000012804D002287FF40AAF244B98E7244BA9
:10E7C00096E701F0D7F8F3E794F84630002B7FF492
:10E7D000FEAE94F8483013F00F01B1D01A0620466F
:10E7E00002D501F089F9ABE701F07AF9A8E794F8CE
:10E7F0004630002B7FF4EBAE94F8483013F00F0155
:10E800009ED01B06204602D501F05EF998E701F084
:10E810004DF995E7142384F8343031462046BDE89D
:10E82000F84001F0E7B863B1152384F834303023A1
:10E8300083F3118800212046E36BA26BFFF702FEF1
:10E84000FAE60B23E7E700BF500D01084E0D010863
:10E850004C0D010808B500F0C9F80B4B9A6C42F05A
:10E8600020029A649A6C9A6C42F040029A649A6C04
:10E870009A6C42F080029A649A6C9A6C42F48072AC
:10E880009A649B6C08BD00BF000C014070471623C2
:10E8900003604FF0FF307047002070471846704704
:10E8A0000020704710B50022044608460121FFF7FA
:10E8B0005DF918B90C234FF0FF30236010BD08B587
:10E8C0001346002158221846F1F7D6FD4FF40052A6
:10E8D0004260002008BD01207047000008B50248D2
:10E8E000FEF748FEF1F79CFC0900010808B5024854
:10E8F000FEF740FEF1F794FC0E000108012070477E
:10E9000070470122090100F1604303F56143C9B278
:10E9100083F8001300F01F039A4043099B0003F1A2
:10E92000604303F56143C3F880211A6070470122F8
:10E9300000F01F039A4043099B0003F1604303F575
:10E940006143C3F88020C3F88021002300F16040B8
:10E9500000F5614080F800337047090100F1604024
:10E96000C9B200F56D4001767047000017498A680A
:10E97000022A12D0032A26D0154B1649012A18BFA5
:10E980000B46124A926902F07F02013252080132AC
:10E99000B3FBF2F3104A13607047104A0B68526FD2
:10E9A00049686FEA921201290CBF09490C4902F02B
:10E9B000030203324A4303F01F0301335B080133B0
:10E9C000B2FBF3F3DDE7074BDBE700BF000C0140D0
:10E9D000006CDC0200127A001C15002000040140CB
:10E9E0000048E801001BB700FFF7C0BF13B50C20BB
:10E9F000032440F2BE71314B314A9C62D862C2F8A6
:10EA0000941000219962D9629C62D8628020C3F878
:10EA10001C0CD3F81C0CC3F81C0C009101914FF492
:10EA20000141C3F8481C4FF6FC71A3F57443196308
:10EA30000F2119600223136501234BF68031D36443
:10EA4000936D03F001030193009B01330093019B3D
:10EA500013B9009B8B42F3D1019B03B9FEE7194B1D
:10EA600019498024C3F800140021A3F58843996153
:10EA70001C62196A01201962202158601960196806
:10EA8000196019680143196054679067D16F0329B1
:10EA9000FCD102229A6001220021DA60074A9162C9
:10EAA000D1629A6C42F400429A649A6CDA6C42F435
:10EAB0000062DA64DB6C02B010BD00BF00000140F0
:10EAC000000401400050014013000003134B834237
:10EAD00023D1134B02201A6C124942F480721A643B
:10EAE0001A6C42F002021A64D3F8882042F0020243
:10EAF000C3F88820D3F8882022F00202C3F88820C7
:10EB000001225A63DA670864DA6608225A615A6990
:10EB10005A615A6942F001025A617047B4460020B6
:10EB2000000C0140004C0140084B83420CD1084BC3
:10EB30005A6902F008025A6100225A61DA66DA67FD
:10EB40001A6C22F002021A64704700BFB44600201B
:10EB5000000C01400F4A936C43F4004343F0200340
:10EB600093644FF080436FF4C0521A634FF0707299
:10EB7000DA624FF020721A6000225A609A60DA60FE
:10EB80004FF44C325A62012203F5A0335A70072227
:10EB9000DA727047000C01400E4A6FF48051936C9A
:10EBA00043F4004343F0200393644FF080436FF439
:10EBB000C0521A6300221A609A60DA6019634FF03B
:10EBC000807119604FF4805159605A624FF0805241
:10EBD0009A617047000C014010B5074C6369DB0770
:10EBE00004D5064A13680BB1506898470123636146
:10EBF000BDE81040FEF776BF0018004070440020CA
:10EC000010B5074C63699B0704D5064A93680BB19E
:10EC1000D068984702236361BDE81040FEF762BFE9
:10EC2000001800407044002010B5074C63695B0772
:10EC300004D5064A13690BB15069984704236361F0
:10EC4000BDE81040FEF74EBF0018004070440020A1
:10EC500010B5074C63691B0704D5064A93690BB1CD
:10EC6000D069984708236361BDE81040FEF73ABFBA
:10EC7000001800407044002010B5074C6369DB06A3
:10EC800004D5064A136A0BB1506A98471023636192
:10EC9000BDE81040FEF726BF001800407044002079
:10ECA000164B10B55C69A30604D5154A936A0BB1DF
:10ECB000D06A9847600604D5114A136B0BB1506BAC
:10ECC0009847210604D50E4A936B0BB1D06B984739
:10ECD000E20504D50A4A136C0BB1506C9847A305A2
:10ECE00004D5074A936C0BB1D06C9847BDE810402F
:10ECF0004FF47872014B5A61FEF7F4BE00180040E1
:10ED0000704400201A4B10B55C69620504D5194A9D
:10ED1000136D0BB1506D9847230504D5154A936DBB
:10ED20000BB1D06D9847E00404D5124A136E0BB1B5
:10ED3000506E9847A10404D50E4A936E0BB1D06E65
:10ED40009847620404D50B4A136F0BB1506F984774
:10ED5000230404D5074A936F0BB1D06F9847BDE8E1
:10ED600010404FF47C42024B5A61FEF7BBBE00BF1D
:10ED70000018004070440020062108B50846FFF73F
:10ED8000C0FD06210720FFF7BCFD06210820FFF784
:10ED9000B8FD06210920FFF7B4FD06210A20FFF780
:10EDA000B0FD06211020FFF7ACFDBDE808400621AC
:10EDB0002120FFF7A6BD08B50620FFF7B8FD072004
:10EDC000FFF7B5FD0820FFF7B2FD0920FFF7AFFD03
:10EDD0000A20FFF7ACFD1020FFF7A9FDBDE80840B1
:10EDE0002120FFF7A4BD000000231946044A013387
:10EDF000102B1160516002F10802F8D1704700BF7A
:10EE000070440020C9434FF05533016302F0030101
:10EE10005943016042F380014160C2F3C10159438B
:10EE20008160C2F341115943C160C2F3C1214B4318
:10EE3000C3624FF01133C2F3C3125A4302624262FB
:10EE4000704700001A4B70B59C6C0F2644F4C064E8
:10EE50009C649B6C012301F003048B4021F00301AF
:10EE600001F1804101F5A0518D68A400C0F3832019
:10EE7000A04006FA04F425EA040528438860D84334
:10EE80000C4912F0010F8C6814BF1C4304408C60C5
:10EE900012F0020FCA6814BF1A430240CA60054A42
:10EEA000536111680B43136053680340536070BD96
:10EEB000000C0140001800404FF0E02340F2BF3248
:10EEC0005A6100229A61072208210B201A61FFF77C
:10EED00044BD08B5302383F31188FEF757FB0023A8
:10EEE00083F3118808BD08B5FFF7F3FFBDE80840BC
:10EEF000FEF7F8BD024A536843F0020353607047BF
:10EF0000008400402DE9F843364ED6F854516B6921
:10EF1000DA06DCB20AD5302383F311884FF480611E
:10EF2000301DFEF79DFD002383F31188302383F30A
:10EF30001188DFF8B480A8F1040914F00F0304F07D
:10EF4000010732D183F311886B68980714D5A106A5
:10EF500012D5302383F311882448FFF79AF800284C
:10EF60003EDA08212048FEF77BFD6B6823F00203A0
:10EF70006B60002383F311886B689A0711D56306D1
:10EF80000FD5302383F31188726CB36C9A4205D18C
:10EF9000B36B1BB110211448FEF762FD002383F30D
:10EFA0001188BDE8F843FEF79DBDC4F34001090296
:10EFB000630748BF41F02001240748BF41F04001EA
:10EFC000404641EAC711FEF74BFD2B682FB196F87A
:10EFD000581148461940FFF7FEF86C69E4B2ACE7F7
:10EFE0002860C6E7F0440020F444002020450020BB
:10EFF00010B5054C00212046044AFFF7BFF8044B2A
:10F00000C4F8543110BD00BFF0440020F5EE0008F4
:10F010000084004038B52A4B0446002914BF0D4631
:10F020001D46037A012B1AD1264B984217D1264B45
:10F030000821DA6C202042F00802DA64DA6CD3F896
:10F04000942042F00802C3F89420D3F8942022F0D0
:10F050000802C3F89420D3F89430FFF752FCD4F898
:10F060005431E9791A6902F050020A4329681A6199
:10F070004A0802F1B76202F55842B2FBF1F202F01F
:10F080000F01C3F8C0108021D960C2F307111960C5
:10F090000021C2F307325A60D96068792A790243A5
:10F0A000A8790243DA600122C3F89C10C3F89820C3
:10F0B0005A6842F005025A60FF2384F8583138BD7F
:10F0C000540D0108F0440020000C014070B50446C6
:10F0D000C5692E6BC26A6B6A9A4234BFC36A6B6A97
:10F0E000013B35D2E36A002B3ED1EB6263681B68BB
:10F0F00033B104222046227098472378042B01D193
:10F1000002232370302383F31188002104F10800C7
:10F11000FEF7E0FB002383F31188F30717D5286A75
:10F12000228E666AE36A616AD31A3344121A9342E2
:10F1300028BF134699424FF6FF7138BF636A013BFF
:10F140001BD2636A1BB9EB6A23F00103EB6270BD4B
:10F15000296EE26A013AE262A26A002AC0D0117006
:10F16000A26A0132A262BBE7E26AEB699A429EBFE1
:10F17000E36A03F1FF33EB61CFE7626A013A62624F
:10F18000226A0AB92966DAE712F8010B28662262B8
:10F19000D5E7000008B50348FFF798FFBDE8084031
:10F1A000FEF7A0BC4C46002008B50348FFF78EFFD1
:10F1B000BDE80840FEF796BC8046002010B5064C1E
:10F1C0002046FFF731F8054BE361054C2046FFF779
:10F1D0002BF8044BE36110BD4C460020003000408A
:10F1E000804600200090004010B503780446012BB3
:10F1F00045D1344B98421FD1334B0A219A6C1A20C7
:10F2000042F480529A649A6CD3F8902042F480526F
:10F21000C3F89020D3F8902022F48052C3F89020B5
:10F22000D3F89030FFF76DFB6268E369128A5A6188
:10F230001A6942F001021A61244B9C421FD1224BF1
:10F240000921DA6C1B2042F01002DA64DA6CD3F880
:10F25000942042F01002C3F89420D3F8942022F0B6
:10F260001002C3F89420D3F89430FFF74AFB626889
:10F27000E369128A5A611A6942F001021A616168EF
:10F28000E269CB8989890B4343F007039BB2136082
:10F29000238E4BB901239361916999420DD10133BA
:10F2A000B3F5807FF7D1238600239361D361D36ABE
:10F2B00023F0FF03D362936C10BD012B08BF002322
:10F2C000F1E700BF4C460020000C014080460020C2
:10F2D00010B503780446022B1FD10022C3699A603F
:10F2E000DA6A22F0FF02DA629B6C0C4B984208D17A
:10F2F0001A20FFF71CFB0A4B9A6C22F480529A6486
:10F300009B6C084B9C4208D11B20FFF710FB044B61
:10F31000DA6C22F01002DA64DB6C10BD4C4600207F
:10F32000000C01408046002091B18362038E02628E
:10F330005B088B4228BF0B46C2694162C162936180
:10F34000013BD361D36A43F01103D362012393607D
:10F35000704799B100238362038E02625B088B427F
:10F3600028BF0B46C2694162C1629361013BD36110
:10F37000D36A43F01103D36201239360704799B1BC
:10F3800000230362038E82625B088B4228BF0B4618
:10F39000C2694162C1629361013BD361D36A43F0A8
:10F3A0001103D362012393607047000000216022A3
:10F3B000074B10B599735A7499735A74436804468D
:10F3C0001B680BB106219847062384F8343010BD22
:10F3D0000040014090F8343010B5152B04460CD88D
:10F3E000012208499A400A4208D1152B05D1036C25
:10F3F00003B19847002384F8343010BDBDE81040B5
:10F40000FFF7D4BF410E100090F8343010B5152B23
:10F4100004460CD8012208499A400A4208D1092B17
:10F4200005D1036C03B19847002384F8343010BD34
:10F43000BDE81040FFF7BABF410C3000F8B5294CC9
:10F44000851C04EB85035E68274AB3699073014607
:10F45000107DC00739D59868917392F817C0927DD6
:10F46000224F42EA0C2207EB810700EB020C6045B9
:10F470002CD19868104498605868104458601868F7
:10F48000801A1860188A013880B21882738A9342F1
:10F4900000D800BB012263898A4023EA020363810A
:10F4A00004EB85035B68DB680BB10E48984730239B
:10F4B00083F3118804EB85046368986941680C3014
:10F4C000FEF708FA002383F31188F8BD97F800E0EF
:10F4D00000F801EBCBE7044A137D03F0FE0313753C
:10F4E000F3E700BFB4460020004001402040014047
:10F4F000F8B5204C861C04EB86035D6801466A69FA
:10F50000D2E90003834218D3012223898A4023EAE7
:10F5100002032381AB680BB120469847302383F365
:10F52000118804EB86046368002158690C30FEF7EB
:10F53000D1F9002383F3118817E00F4FB9731769CE
:10F540003B445360C31ADFD0288A984228BF18462C
:10F55000936810613B449360084A184402EB8102AF
:10F56000984203D10122044B5A74F8BD13F8011BD1
:10F570001170F5E7B44600200040014020400140F2
:10F580002DE9F041874B9B799E07DFB202D5864873
:10F59000FEF7FAFF7D0702D58348FEF78FFF3C0791
:10F5A00013D5814C6368DB6823B97E4AD37A03F0B4
:10F5B000F703D3722378052B02D17B48FEF7E4FFD3
:10F5C0006368DB680BB178489847764B9A781D7969
:10F5D00002F0FF06EDB252B9002D39D1FB0702D57A
:10F5E0007148FEF7A3FFBDE8F041FEF77BBAF007D4
:10F5F00029D500216C4CE068997393F811C01CF078
:10F60000040F5FFA8CF21CBF597484F8341012F0A6
:10F6100010010CD08021634B5974002384F83430DE
:10F62000D10710D5436800215F4898470BE094F854
:10F630003430152B74D006D8092B23D003D8002BD7
:10F64000EED0062BECD0B20702D50120FFF750FF19
:10F65000730702D50220FFF74BFF340702D50320C2
:10F66000FFF746FFA80702D50120FFF7E7FE69076D
:10F6700002D50220FFF7E2FE2A07AFD50320FFF7ED
:10F68000DDFEABE7DFF81CC143699CF81120D1B265
:10F6900012F00202D7D101F011011129D3D08CF858
:10F6A0000E205A68D3F810E0D3F800800EEB020168
:10F6B0005960B8EB0101028A16D08A4228BF0A4677
:10F6C00099681A61714499608B18994207D1038A2D
:10F6D0009A4234BF0A2202228CF81120B3E711F8B3
:10F6E000014B8CF82040F0E7964504D10A228CF8B3
:10F6F00011201961A7E7238923F00103238183687F
:10F700000BB129489847302383F311880021E3681F
:10F7100058690C30FEF7DEF8002383F3118892E776
:10F72000DFF880E083699EF81120D2078BD59A68B4
:10F730008EF80E109EF816C05FFA8CF19444944532
:10F7400027D19A680A449A605A680A445A601A682B
:10F75000521A1A601A8A013A92B21A82438A8B426A
:10F760004FF000010F4B997300D8BAB948225A7470
:10F77000638923F001036381E368DB6813B100212F
:10F7800009489847302383F31188E36898694168F2
:10F79000BFE79EF8208002F8018BD0E740225A7420
:10F7A00051E700BF00400140B44600200148FEF789
:10F7B000C3BD00BFB446002010B50478012C0ED1A3
:10F7C000074AC260FFF782F90022064B0D21DA7268
:10F7D000DC715A720E20BDE81040FFF792B810BDE0
:10F7E0005C0D01080040014010B503780446012B70
:10F7F0000CD00E20FFF79BF80022054B2046DA7252
:10F80000DA715A72BDE81040FFF78EB910BD00BF23
:10F810000040014090F84E20014B1A70704700BF25
:10F820000040014000EB8100334BC26801F00F0142
:10F8300010B59973106800F00300002955D0022814
:10F840002AD0032828D0012825D153690BB9936900
:10F850000BB3E020284B9874108AC0F3C7001874CB
:10F86000402058740820587458740120DC7900FA3C
:10F8700001F1C9B244EA0100D871C0205875528A1A
:10F88000C2F3C702DA7480221A7510221A751A752B
:10F890005A7A0A435A7210BD506980B10020987498
:10F8A000108A0124C0F3C70018744020587408203F
:10F8B00058745874D8798C402043C0B2D871936979
:10F8C000002BE8D000200C4B5875528A0120C2F35F
:10F8D000C702DA7480221A7510221A751A755A7ABC
:10F8E00000FA01F10A43D2B2D4E70028D3D1DA7981
:10F8F00042F00102DA71CEE700400140002208B573
:10F900000B4BDA715A724268D2681AB1DA7A42F055
:10F910000802DA72074B0021C360FFF783FF012260
:10F92000034B5A70DA7A42F00102DA7208BD00BF66
:10F93000004001405C0D010870B50D4B0021DA79E3
:10F94000402602F00102DA710824012280251020ED
:10F9500059729A730132D2B2042A99745E745C743B
:10F960005C7459751D7518751875F2D170BD00BF9E
:10F97000004001400A4B01F00F029A7339B95A7CDA
:10F9800050070AD4D87900F0010040007047197D73
:10F99000890602D4587A1041F5E70120704700BF6C
:10F9A000004001400A4B01F00F029A7339B95A7CAA
:10F9B00050070AD4D87900F0010040007047597C04
:10F9C000C90602D4D8791041F5E70120704700BF7D
:10F9D00000400140064B01F00F0103EB810302F1EF
:10F9E0000801187802F8010B9142FAD1704700BF64
:10F9F000204001404822044B01F00F0199735A74D2
:10FA0000002380F8343070470040014000EB810053
:10FA1000C06801F00F0281690B6873B1408A03442A
:10FA2000013BB3FBF0F39BB20B82064B9A7332B1EE
:10FA30001A7D02F0FE021A7570470123F4E7402296
:10FA40005A7470470040014000EB810311F00F0130
:10FA500070B508BF4025DB6808BF124C5A6908BF63
:10FA6000A1731B8A08BF65741468A34228BF23468C
:10FA70000D4C1361926804EB8104D518954205D1B1
:10FA8000084A917331B10123537470BD12F8016BB0
:10FA90002670F3E7517CC168098A8B4234BF0A2380
:10FAA0000223F1E70040014020400140054B01F0F6
:10FAB0000F01997311B120221A75704760225A7490
:10FAC000704700BF00400140044B01F00F019973E3
:10FAD00011B110225A7470476022FBE700400140C8
:10FAE000044B01F00F01997311B180221A75704710
:10FAF0005974704700400140044B01F00F019973A5
:10FB000011B140225A747047597470470040014047
:10FB1000430803F05533C01A00F03333800800F077
:10FB2000333018444FF0013300EB101000F00F3069
:10FB30005843000E70472DE9F04786468C4608462C
:10FB4000154674461946089E002B40F0C280854237
:10FB5000B2FA82F245D94AB1C2F1200300FA02FC9E
:10FB60002EFA03F3954043EA0C0C94404FEA154EED
:10FB7000BCFBFEF8A8B20EFB18CC08FB00F9230C66
:10FB800043EA0C43994528D9EB1808F1FF3704D212
:10FB9000994502D9A8F102072B44A3EB0903B3FB53
:10FBA000FEFC0EFB1C330CFB00F0A4B244EA034441
:10FBB000A04214D92C190CF1FF3304D2A04202D96F
:10FBC000ACF102032C44241A43EA07401EB100237F
:10FBD000D44034607360BDE8F0874746DDE7634694
:10FBE000F1E792BB0121431B4FEA154EB3FBFEFC2C
:10FBF000AFB20EFB1C330CFB07F8200C40EA0343AA
:10FC0000984562D9EB180CF1FF3004D2984502D91F
:10FC1000ACF102002B44A3EB0803B3FBFEFC0EFB8C
:10FC20001C330CFB07F7A4B244EA0344A7424ED9A5
:10FC30002C190CF1FF3304D2A74202D9ACF1020314
:10FC40002C44E41B43EA0040C0E7C2F12003954086
:10FC500020FA03F12EFA03F34FEA154EB1FBFEFC36
:10FC600090400343AFB20EFB1C100CFB07F8190CBD
:10FC700041EA0041884504FA02F422D969180CF1DE
:10FC8000FF3004D2884502D9ACF102002944A1EB2F
:10FC90000801B1FBFEFC0EFB1C110CFB07F79BB22D
:10FCA00043EA01439F420ED9EB180CF1FF3104D215
:10FCB0009F4202D9ACF102012B44DB1B41EA004117
:10FCC00092E76046E3E76146F7E76046A3E76346ED
:10FCD000B7E7834206D916B9002108467BE7C6E993
:10FCE00000E0F9E7B3FA83F78FB9834201D3724595
:10FCF00008D8BEEB020460EB030301209C461EB94A
:10FD0000002168E73846FAE7C6E9004CF8E7C7F192
:10FD1000200CBB4022FA0CF41C434FEA144920FA91
:10FD20000CF3B3FBF9F8B8402EFA0CF101430EFACC
:10FD300007F509FB18301FFA84FE08FB0EFA0B0CBE
:10FD400043EA00439A4502FA07F240D9E31808F162
:10FD5000FF3004D29A4502D9A8F102002344A3EB54
:10FD60000A03B3FBF9F809FB183308FB0EFE89B24E
:10FD700041EA03418E452CD9611808F1FF3304D2C2
:10FD80008E4502D9A8F10203214443EA0040A0FBBA
:10FD90000298A1EB0E014145CE46434602D306D15F
:10FDA0004D4504D2B9EB020E68EB04030138002E76
:10FDB000A6D0B5EB0E0261EB030101FA0CFC22FAAE
:10FDC00007F34CEA0303F940C6E9003198E74046DF
:06FDD000C5E74346D9E738
:10FDD800B400B40C0A0C0B0C0D0C0E4748474947ED
:10FDE8004A474B474C4D4E4D4F4D504D514D525338
:10FDF800545355535653575358595A595B595C598C
:10FE08005D595E5F605F615F625F635F64656665E1
:10FE180067656865696A6B6A6C6A6D6A6E6F706F30
:10FE2800716F726F737475747674777478797A7980
:10FE38007B797C797D7E7F7E807E817E82838483D0
:10FE480085838683878889888A888B888C8D8E8D20
:10FE58008F8D908D91929392949295929600FF60D7
:10FE68000020202020202020202028282828282082
:10FE7800202020202020202020202020202020207A
:10FE880020881010101010101010101010101010E2
:10FE980010040404040404040404041010101010D2
:10FEA800101041414141414101010101010101019C
:10FEB80001010101010101010101010110101010EE
:10FEC800101042424242424202020202020202026E
:10FED80002020202020202020202020210101010C2
:10FEE80020000000000000000000000000000000EA
:10FEF80000000000000000000000000000000000FA
:10FF080000000000000000000000000000000000E9
:10FF180000000000000000000000000000000000D9
:10FF280000000000000000000000000000000000C9
:10FF380000000000000000000000000000000000B9
:10FF480000000000000000000000000000000000A9
:10FF58000000000000000000000000000000000099
:10FF680000000102030405060708090C0F1011120E
:10FF7800131415161718191A1B1C1D1E1F202122D1
:10FF8800232425262728292A2B2C2D2E2F303132C1
:10FF9800333435363738393A3B3C3D3E3F404142B1
:10FFA80043444546474D53595F656A6F74797E836C
:10FFB800888D92393A3B3C3D3E3F40414200610DBD
:10FFC8000A004E5554363520425431004E555436A9
:10FFD8003520425432004E555436352042543300B1
:10FFE8004E5554363520425434004E55543635203B
:08FFF800425435006330006D36
:020000040801F1
:1000000061696E0069646C650065786974006B698C
:100010006C6C0001020304050606000001020304E3
:100020000500FF55FFAAFF2BFFBFFF80FF00000662
:100030000D0F10191A220D0E0F1011121314151690
:1000400017181D202125290204050607090B0C009D
:100050000000FF00FF55FFAAFF2BFFBFFF6A010151
:100060002D141D1460EA000020BF0200E09304007C
:10007000C0270900804F120040771B00E093040066
:10008000000800400108004002080040030800404A
:10009000060000400A0400400B0400400C0400402D
:1000A0000D0400400E0400400A0000400608004015
:1000B0000708004008080040090800404C004500BF
:1000C0004B00550000004E0055005400360035002E
:1000D000200032002E003400470020005700690045
:1000E000720065006C006500730073000000000082
:1000F0000948032181620C21C162084890F810036D
:10010000074900F00F000A68824200D00860002012
:10011000401C2328FCDB70470000014000F0FF1F5B
:10012000040401400748032181620C21C162064892
:10013000016801F00F01082901D90821016000BF01
:1001400000BF704700000140040401400008004067
:10015000010800400208004003080040060000407B
:100160000A0400400B0400400C0400400D04004051
:100170000E0400400A000040060800400708004046
:10018000080800400908004001000040020000404B
:1001900003000040040000400D080040FFFFFFFF87
:1001A000187E197E0100010001000100010001001C
:1001B00001000100FF5500000000000000000000E9
:1001C000000000000000000000000000000000002F
:1001D000000000000000FF550000000000000000CB
:1001E000000000000000000000000000000000000F
:1001F0000000FF55FF55FF55000000000000000003
:1002000000000000000000000000000000000000EE
:1002100000000000000000000000000000000000DE
:100220000000000000000000FF550000000000007A
:1002300000000000000000000000000000000000BE
:1002400000000000FF55FF55FF55000000000000B2
:10025000000000000000000000000000000000009E
:100260000000000000000000FF550000000000003A
:10027000000000000000000000000000000000007E
:1002800000000000000000000000FF55000000001A
:10029000000000000000000000000000000000005E
:1002A000000000000000FF55FF55FF550000000052
:1002B000000000000000000000000000000000003E
:1002C000000000000000000000000000000000002E
:1002D000000000000000000000000000FF550000CA
:1002E000000000000000000000000000000000000E
:1002F0000000000000000000FF55FF55FF55000002
:1003000000000000000000000000000000000000ED
:10031000000000000000000000000000FF55000089
:1003200000000000000000000000000000000000CD
:100330000000000000000000000000000000FF5569
:1003400000000000000000000000000000000000AD
:1003500000000000000000000000FF55FF55FF55A1
:10036000000000000000000000000000000000008D
:10037000000000000000000000000000000000007D
:10038000000000000000000000000000000000006D
:10039000FF55000000000000000000000000000009
:1003A000000000000000000000000000FF55FF55A5
:1003B000FF550000000000000000000000000000E9
:1003C000000000000000000000000000000000002D
:1003D000000000000000000000000000000000001D
:1003E000000000000000000000000000000000000D
:1003F00000000000000000000000000000000000FD
:1004000000000000000000000000000000000000EC
:1004100000000000000000000000000000000000DC
:1004200000000000000000000000000000000000CC
:1004300000000000000000000000000000000000BC
:1004400000000000000000000000000000000000AC
:10045000000000000000000000000000000000009C
:10046000000000000000000000000000000000008C
:10047000000000000000000000000000000000007C
:100480000000000029001E001F00200021002200A3
:10049000230024002500260027002D002E002A001E
:1004A00049002B0014001A000800150017001C005A
:1004B00018000C00120013002F00300031004C0017
:1004C000390004001600070009000A000B000D00A7
:1004D0000E000F0033003400000028004B00E10044
:1004E00000001D001B00060019000500110010008F
:1004F000360037003800E50052004E00E000E3000F
:10050000E200000000002C000000000000000000DD
:10051000E6002152500051004F0000000000000092
:1005200000000000000000000000000000000000CB
:100530000000000000000000037C3A003B003C008B
:100540003D003E003F0040004100420043004400A7
:1005500045000B7E0D7E3500007E017E027E037E0F
:10056000047E010001000100010001000100010002
:1005700021780C7E010001000100087E01000100CD
:10058000470048004A004D000100010000002378A8
:10059000107E0100000001000100010001000100C7
:1005A00013700A7E01000100010024522778117E99
:1005B000077E0B700E7E00000000057E000000002C
:1005C00000000000067E01002A78287829780000C3
:1005D000000000000000000000000000000000001B
:1005E00000000000000000000000000029001E00C4
:1005F0001F002000210022002300240025002600E7
:1006000027002D002E002A0049002B0014001A009C
:100610000800150017001C0018000C001200130041
:100620002F00300031004C00390004001600070094
:1006300009000A000B000D000E000F00330034000B
:10064000000028004B00E10000001D001B00060018
:100650001900050011001000360037003800E500D1
:1006600052004E00E000E200E300000000002C0019
:100670000000000000000000E7002352500051007D
:100680004F0000000000000000000000000000001B
:10069000000000000000000000000000000000005A
:1006A000037C3A003B003C003D003E003F00400020
:1006B000410042004300440045000B7E0D7E3500A2
:1006C000007E017E027E037E047E010001000100A7
:1006D000010001000100010021780C7E01000100F1
:1006E0000100087E01000100470048004A004D005B
:1006F0000100010000002378107E010000000100CD
:10070000010001000100010013700A7E01000100D8
:10071000010024522778117E077E01000E7E000022
:100720000000057E0000000000000000067E0100C1
:100730002A782878297800000000000000000000D6
:1007400000000000000000000000000000000000A9
:1007500000000000007C0100010001000100010018
:100760000100010001000100010001000100010081
:100770000100010001000F7E0100010001000100E5
:100780000100010001000100010001000100010061
:100790000100010001000100010001000100010051
:1007A0000100097E010001000000010001000100BC
:1007B0000000010001000100010001000100010032
:1007C0000100010001000100010001000100010021
:1007D0000100000000000100000000000000000017
:1007E0000100010001000100010000000000000004
:1007F00000000000000000000000000000000000F9
:100800000000000000000000E200E900EA00B5007E
:10081000B600B700CD008301CC008A01920194019B
:100820002102230224022502260227022A02B30003
:10083000B4006F0070009F01CB019F02A002E20094
:10084000E900EA00B500B600B700CD008301CC0096
:100850008A01920194012102230224022502260228
:1008600027022A02B300B4006F0070009F01CB0181
:100870009F02A0020008004001080040020800405A
:1008800003080040060000400A0400400B0400403A
:100890000C0400400D0400400E0400400A0000401B
:1008A000060800400708004008080040090800400A
:1008B000010000400200004003000040040000402E
:1008C0000D080040FFFFFFFF003131295A1B750A58
:1008D00085A800082DA8000869A8000899A80008A4
:1008E00000010101010101010101020202020202F3
:1008F00002020203030303030303030404040404C6
:10090000040405050505050606060606070707078C
:100910000708080808090909090A0A0A0B0B0B0C41
:100920000C0C0D0D0D0E0E0E0F0F0F1010111111DE
:10093000121213131414151516161717181819195F
:100940001A1A1B1B1C1D1D1E1E1F202021222223C4
:100950002424252626272829292A2B2C2D2D2E2F05
:1009600030313232333435363738393A3B3C3D3E1C
:100970003F404142434445464748494A4C4D4E4F0B
:1009800050515354555658595A5B5D5E5F616264CD
:10099000656668696B6C6D6F7072737577787A7B5A
:1009A0007D7E8082838587888A8C8E8F91939596B1
:1009B000989A9C9EA0A2A3A5A7A9ABADAFB1B3B5D1
:1009C000B7BABCBEC0C2C4C6C9CBCDCFD1D4D6D8AD
:1009D000DBDDDFE2E4E7E9EBEEF0F3F5F8FAFDFF4B
:1009E00000FF0100010000FFFF0000010001FF0007
:1009F00000000000000400400F00000000000000A4
:100A00002000000000000000000000002A2B280049
:100A100000000000000000000000000000000029AD
:100A2000000000002C1E3420212224342627252EED
:100A3000362D3738271E1F20212223242526333325
:100A4000362E37381F0405060708090A0B0C0D0E51
:100A50000F101112131415161718191A1B1C1D2F1D
:100A60003130232D350405060708090A0B0C0D0E3D
:100A70000F101112131415161718191A1B1C1D2FFD
:100A80003130354C00000000000000000000000084
:100A90000000000000000000000000000000000056
:100AA00000000000000000007E0F00D4FFFFFFC721
:100AB0000000007851C90008B1C800089DC70008AF
:100AC000000000004422B600530C01087B0B010813
:100AD0009D0B0108200B0108390B0108590B010877
:100AE000040A0C000A0B0108FE0A0108F00A0108BA
:100AF0000C034E00550054003600350000000A0378
:100B00004C0045004B005500000004030904090295
:100B10005B00030100A0FA090400000103010100C9
:100B20000921110100012244000705810308000189
:100B30000904010002030000000921110100012243
:100B4000220007058203200001070502032000019F
:100B50000904020001030000000921110100012223
:100B6000B600070583032000011201000200000007
:100B7000402D341AE51800010200010660FF0961EA
:100B8000A1010962150026FF009520750881020960
:100B900063150026FF00952075089102C005010924
:100BA00002A10185020901A1000509190129081501
:100BB00000250195087501810205010930093115EB
:100BC00081257F95027508810609381581257F9555
:100BD0000175088106050C0A38021581257F9501EB
:100BE00075088106C0C005010980A10185031901AE
:100BF0002AB700150126B700950175108100C005C0
:100C00000C0901A101850419012AA002150126A0E1
:100C100002950175108100C005010906A101850634
:100C2000050719E029E715002501950875018102DE
:100C30000507190029EF1500250195F075018102BE
:100C4000050819012905950575019102950175039E
:100C50009101C005010906A101050719E029E71561
:100C6000002501950875018102950175088101052E
:100C700007190029FF150026FF0095067508810059
:100C80000508190129051500250195057501910231
:100C9000950175039101C0007817010808470020ED
:100CA00008470020084700207817010800000000CE
:100CB000000000000000000078170108000000009C
:100CC000000000000000000078170108000000008C
:100CD000000000000000000078170108000000007C
:100CE000000000000000000078170108000000006C
:100CF000000000000000000078170108000000005C
:100D0000000000000000000078170108000000004B
:100D10000000000000000000FCFF000888400020E8
:100D2000984100200000000041E1000831E1000886
:100D300061E1000851E100085BE100084BE10008B7
:100D40003BE100082BE100086BE100080100000016
:100D500000000000009600000300000000000000FA
:100D6000A1E5000809F40008D5F3000840004000A0
:100D7000A0410020A0410020010000009841002077
:100D80005245454E54206D616C6C6F6320737563E2
:100D90006365656465640000433A2F4D2F422F73ED
:100DA00072632F6E65776C69622D342E352E302E6E
:100DB00032303234313233312F6E65776C69622FC5
:100DC0006C6962632F7374646C69622F72616E6404
:100DD0002E6300002C2066756E6374696F6E3A2076
:100DE00000000000617373657274696F6E202225C4
:100DF0007322206661696C65643A2066696C6520BF
:100E0000222573222C206C696E65202564257325AC
:100E1000730A0000232D302B20000000686C4C006A
:100E20006566674546470000303132333435363722
:100E300038394142434445460000000030313233E6
:100E40003435363738396162636465660000000006
:080E500058F9FE7F01000000CB
:100E5800040C0020000000004C150020B4150020F0
:100E68001C16002000000000000000000000000028
:100E7800000000000000000000000000000000006A
:100E8800000000000000000000000000000000005A
:100E9800000000000000000000000000000000004A
:100EA80000000000030000004C1500200000FF00B7
:100EB80001000000C52C0008452D00080D2F000872
:100EC8008D2D0008E92D000801000000E0930400C2
:100ED80000000064FFFFFF0138393A3B3C3D3E3FCC
:100EE8004041424344454605040302010037363574
:100EF80034333231302F0622232425262728292A65
:100F08002B2C2D2E21201F1E1D1C1B1A19181716DD
:100F180015140708090C0F10111213000000000027
:100F2800FA000000000000000100000000000000BE
:100F38001500000000000000FFFFFF00FA0000009D
:100F48000000000001000000000000001200000086
:100F580000000000FFFFFF00FA0000000000000092
:100F68000100000000000000130000000000000065
:100F7800FFFFFF00FA000000000000000100000071
:100F8800000000001100000000000000FFFFFF004B
:100F9800FA0000000000000001000000000000004E
:100FA8001A00000000000000FFFFFF00FA00000028
:100FB8000000000001000000000000002400000004
:100FC80000000000FFFFFF00FA0000000000000022
:100FD80001000000000000004600000000000000C2
:100FE800FFFFFF00FA0000000000000003000000FF
:100FF80000000000FA000000154100080000000091
:10100800FA000000000000000300000000000000DB
:10101800FB000000A540000800000000FA000000E6
:10102800000000000300000000000000FF000000B6
:101038002142000800300000010101000800383991
:101048003A3B3C3D3E3F404142434445460504034C
:1010580002010037363534333231302F062223244B
:1010680025262728292A2B2CFF2D2E21FF201F1E5D
:101078001D1C1B1A19181716151407080996FF0CBA
:10108800FFFFFFFF0F10111213474D53595F656A99
:101098006F74797E83888D92500D400D300D200D30
:1010A800100D000D001A003310332033000000002B
:1010B800503300000000A033B033C033D033E033E6
:1010C800E026D026C026B026A026902680267026A8
:1010D800602650264026302620260026101A201A80
:1010E800301A401A501A601A701A801A901AA01AE8
:1010F800B01AD01AE01AE00DD00DC00DB00DA00D39
:10110800900D800D700D600D000010002000300063
:10111800400050006000700080009000A000B00007
:10112800C000D000E0000040000000000000000007
:1011380000001040000000000000000000002040F7
:101148000000000000000000000030400000000027
:101158000000000000004040000000000000000007
:101168000000504000000000000000006040000047
:1011780000000000000070400000000000000000B7
:1011880080400000000000000000904000000000C7
:1011980000000000A0400000000000000000B04077
:1011A8000000000000000000C04000000000000037
:1011B8000000D0400000000000000000E0400000F7
:1011C80000000000000004040404040404040404EF
:1011D80004040404040404040404040404040404C7
:1011E80004040404040404040404040404040404B7
:1011F80004040404040404040404040404040404A7
:101208000404040404040404040404040404040496
:101218000404040404040404040404040404040486
:101228000404040404040404040404040404040476
:101238000404040404040404040404040404040466
:101248000404040404040404040404040404040456
:101258000404040404040404040404040400000052
:10126800AF220020CF220020E17800080300FF0011
:10127800FFFF3905280850011E0A14010302010066
:10128800009600000300000001000000E1CB000808
:101298000DCC000817CC000821CC00082BCC000886
:1012A8000000000000000000000000000000000036
:1012B8000000000000000000000000000000000026
:1012C8000000000000000000000000000000000016
:1012D8000000000000000000000000000000000006
:1012E80000000000000000000000000000000000F6
:1012F80000000000000000000000000000000000E6
:1013080000000000000000000000000000000000D5
:10131800B446002002000000040000002000000085
:10132800043E002000000000000000000000000053
:1013380000000000000000000000000000000000A5
:101348000000000000000000000000000000000095
:101358000000000000000000000000000000000085
:10136800030000000000000045CF00080000000056
:101378002000000000000000000000000200000043
:101388000000000000000000000000000000000055
:101398000000000000000000000000000000000045
:1013A8000000000000000000000000000000000035
:1013B800B4460020030000000400000020000000E4
:1013C800543F00200000000000000000A813002087
:1013D8000000000000000000000000000000000005
:1013E80000000000000000000000000000000000F5
:1013F80000000000000000000000000000000000E5
:1014080000000000000000000300000000000000D1
:1014180045CF0008000000000800000000000000A0
:1014280000000000020000000000000000000000B2
:1014380000000000000000000000000000000000A4
:101448000000000000000000000000000000000094
:101458000000000000000000B44600200100000069
:101468000400000008000000243F002000000000E5
:10147800000000003C1300200000000000000000F5
:101488000000000000000000000000000000000054
:101498000000000000000000000000000000000044
:1014A8000000000000000000000000000000000034
:1014B800030000000000000045CF0008DBCF000853
:1014C80020002000000000000000000002000000D2
:1014D8000000000000000000000000000000000004
:1014E80000000000000000000000000000000000F4
:1014F80000000000000000000000000001000000E3
:10150800B446002002000000040000002000000093
:10151800943E00200000000000000000D0120020CF
:10152800EC1200205DD100083DD1000873D10008FD
:1015380055D2000871D200087DD20008F0120020B0
:101548000000000000000000000000000000000093
:101558000000000000000000000000000000000083
:101568000000000000000000000000000000000073
:101578000000000000000000000000000000000063
:1015880000000000000000002000000058130020A8
:101598005DD100083DD1000873D1000855D200087C
:1015A80071D200087DD200085C1300200000000002
:1015B8000000000000000000000000000000000023
:1015C8000000000000000000000000000000000013
:1015D8000000000000000000000000000000000003
:1015E80000000000000000000000000000000000F3
:1015F8000000000008000000C4130020B9D1000852
:1016080091D10008D5D10008CDD20008F1D2000848
:1016180009D300080000000000000000CC140020DE
:10162800801400203414002000000000E81300207B
:1016380000000000000000000000000000000000A2
:10164800060000000000000000000000000000008C
:101658000000000000000000000000000000000082
:101668000000000000000000000000000000000072
:101678000000000000000000000000000000000062
:10168800200000000000000000000000040000002E
:101698000000000000000000000000000000000042
:1016A8000000000000000000000000000000000032
:1016B8000000000000000000000000000000000022
:1016C800000000000000000000000000030000000F
:1016D80000000000000000000300000000000000FF
:1016E80000000000000000000000000000000000F2
:1016F80000000000000000000000000000000000E2
:1017080000000000000000000000000000000000D1
:1017180000000000000000000300000000000000BE
:1017280000000000020000000000000000000000AF
:1017380000000000000000000000000000000000A1
:101748000000000000000000000000000000000091
:101758000000000000000000000000000000000081
:1017680000000000060000000102000000D8B805D3
:04000005080001B935
:00000001FF
